Target,Target_Namespace,Target_Type,Target_Method,Job_Id,Job_AnalyzeLaunchVariance,Job_EvaluateOverhead,Job_MaxAbsoluteError,Job_MaxRelativeError,Job_MinInvokeCount,Job_MinIterationTime,Job_OutlierMode,Job_Affinity,Job_EnvironmentVariables,Job_Jit,Job_Platform,Job_Runtime,Job_AllowVeryLargeObjects,Job_Concurrent,Job_CpuGroups,Job_Force,Job_HeapAffinitizeMask,Job_HeapCount,Job_NoAffinitize,Job_RetainVm,Job_Server,Job_Arguments,Job_BuildConfiguration,Job_Clock,Job_EngineFactory,Job_NuGetReferences,Job_Toolchain,Job_IsMutator,Job_InvocationCount,Job_IterationCount,Job_IterationTime,Job_LaunchCount,Job_MaxIterationCount,Job_MaxWarmupIterationCount,Job_MinIterationCount,Job_MinWarmupIterationCount,Job_RunStrategy,Job_UnrollFactor,Job_WarmupCount,Job_Display,Params,Measurement_LaunchIndex,Measurement_IterationMode,Measurement_IterationStage,Measurement_IterationIndex,Measurement_Nanoseconds,Measurement_Operations,Measurement_Value
MyBenchmark.Bench,benchmarks,MyBenchmark,Bench,MediumRun,Default,Default,Default,Default,Default,Default,Default,Default,Default,Default,Default,Default,Default,Default,Default,Default,Default,Default,Default,Default,Default,Default,Default,Default,Default,Default,Default,Default,Default,15,Default,2,Default,Default,Default,Default,Default,Default,10,"MediumRun(IterationCount=15, LaunchCount=2, WarmupCount=10)",amount=5500&fee=10&minimum=4,1,Overhead,Jitting,1,554000,1,554000
MyBenchmark.Bench,benchmarks,MyBenchmark,Bench,MediumRun,Default,Default,Default,Default,Default,Default,Default,Default,Default,Default,Default,Default,Default,Default,Default,Default,Default,Default,Default,Default,Default,Default,Default,Default,Default,Default,Default,Default,Default,15,Default,2,Default,Default,Default,Default,Default,Default,10,"MediumRun(IterationCount=15, LaunchCount=2, WarmupCount=10)",amount=5500&fee=10&minimum=4,1,Workload,Jitting,1,11123000,1,11123000
MyBenchmark.Bench,benchmarks,MyBenchmark,Bench,MediumRun,Default,Default,Default,Default,Default,Default,Default,Default,Default,Default,Default,Default,Default,Default,Default,Default,Default,Default,Default,Default,Default,Default,Default,Default,Default,Default,Default,Default,Default,15,Default,2,Default,Default,Default,Default,Default,Default,10,"MediumRun(IterationCount=15, LaunchCount=2, WarmupCount=10)",amount=5500&fee=10&minimum=4,1,Overhead,Jitting,2,893000,16,55812.5
MyBenchmark.Bench,benchmarks,MyBenchmark,Bench,MediumRun,Default,Default,Default,Default,Default,Default,Default,Default,Default,Default,Default,Default,Default,Default,Default,Default,Default,Default,Default,Default,Default,Default,Default,Default,Default,Default,Default,Default,Default,15,Default,2,Default,Default,Default,Default,Default,Default,10,"MediumRun(IterationCount=15, LaunchCount=2, WarmupCount=10)",amount=5500&fee=10&minimum=4,1,Workload,Jitting,2,961000,16,60062.5
MyBenchmark.Bench,benchmarks,MyBenchmark,Bench,MediumRun,Default,Default,Default,Default,Default,Default,Default,Default,Default,Default,Default,Default,Default,Default,Default,Default,Default,Default,Default,Default,Default,Default,Default,Default,Default,Default,Default,Default,Default,15,Default,2,Default,Default,Default,Default,Default,Default,10,"MediumRun(IterationCount=15, LaunchCount=2, WarmupCount=10)",amount=5500&fee=10&minimum=4,1,Workload,Pilot,1,265000,16,16562.5
MyBenchmark.Bench,benchmarks,MyBenchmark,Bench,MediumRun,Default,Default,Default,Default,Default,Default,Default,Default,Default,Default,Default,Default,Default,Default,Default,Default,Default,Default,Default,Default,Default,Default,Default,Default,Default,Default,Default,Default,Default,15,Default,2,Default,Default,Default,Default,Default,Default,10,"MediumRun(IterationCount=15, LaunchCount=2, WarmupCount=10)",amount=5500&fee=10&minimum=4,1,Workload,Pilot,2,564000,32,17625
MyBenchmark.Bench,benchmarks,MyBenchmark,Bench,MediumRun,Default,Default,Default,Default,Default,Default,Default,Default,Default,Default,Default,Default,Default,Default,Default,Default,Default,Default,Default,Default,Default,Default,Default,Default,Default,Default,Default,Default,Default,15,Default,2,Default,Default,Default,Default,Default,Default,10,"MediumRun(IterationCount=15, LaunchCount=2, WarmupCount=10)",amount=5500&fee=10&minimum=4,1,Workload,Pilot,3,1175000,64,18359.38
MyBenchmark.Bench,benchmarks,MyBenchmark,Bench,MediumRun,Default,Default,Default,Default,Default,Default,Default,Default,Default,Default,Default,Default,Default,Default,Default,Default,Default,Default,Default,Default,Default,Default,Default,Default,Default,Default,Default,Default,Default,15,Default,2,Default,Default,Default,Default,Default,Default,10,"MediumRun(IterationCount=15, LaunchCount=2, WarmupCount=10)",amount=5500&fee=10&minimum=4,1,Workload,Pilot,4,2400000,128,18750
MyBenchmark.Bench,benchmarks,MyBenchmark,Bench,MediumRun,Default,Default,Default,Default,Default,Default,Default,Default,Default,Default,Default,Default,Default,Default,Default,Default,Default,Default,Default,Default,Default,Default,Default,Default,Default,Default,Default,Default,Default,15,Default,2,Default,Default,Default,Default,Default,Default,10,"MediumRun(IterationCount=15, LaunchCount=2, WarmupCount=10)",amount=5500&fee=10&minimum=4,1,Workload,Pilot,5,8979000,256,35074.22
MyBenchmark.Bench,benchmarks,MyBenchmark,Bench,MediumRun,Default,Default,Default,Default,Default,Default,Default,Default,Default,Default,Default,Default,Default,Default,Default,Default,Default,Default,Default,Default,Default,Default,Default,Default,Default,Default,Default,Default,Default,15,Default,2,Default,Default,Default,Default,Default,Default,10,"MediumRun(IterationCount=15, LaunchCount=2, WarmupCount=10)",amount=5500&fee=10&minimum=4,1,Workload,Pilot,6,15625000,512,30517.58
MyBenchmark.Bench,benchmarks,MyBenchmark,Bench,MediumRun,Default,Default,Default,Default,Default,Default,Default,Default,Default,Default,Default,Default,Default,Default,Default,Default,Default,Default,Default,Default,Default,Default,Default,Default,Default,Default,Default,Default,Default,15,Default,2,Default,Default,Default,Default,Default,Default,10,"MediumRun(IterationCount=15, LaunchCount=2, WarmupCount=10)",amount=5500&fee=10&minimum=4,1,Workload,Pilot,7,26961000,1024,26329.1
MyBenchmark.Bench,benchmarks,MyBenchmark,Bench,MediumRun,Default,Default,Default,Default,Default,Default,Default,Default,Default,Default,Default,Default,Default,Default,Default,Default,Default,Default,Default,Default,Default,Default,Default,Default,Default,Default,Default,Default,Default,15,Default,2,Default,Default,Default,Default,Default,Default,10,"MediumRun(IterationCount=15, LaunchCount=2, WarmupCount=10)",amount=5500&fee=10&minimum=4,1,Workload,Pilot,8,41909000,2048,20463.38
MyBenchmark.Bench,benchmarks,MyBenchmark,Bench,MediumRun,Default,Default,Default,Default,Default,Default,Default,Default,Default,Default,Default,Default,Default,Default,Default,Default,Default,Default,Default,Default,Default,Default,Default,Default,Default,Default,Default,Default,Default,15,Default,2,Default,Default,Default,Default,Default,Default,10,"MediumRun(IterationCount=15, LaunchCount=2, WarmupCount=10)",amount=5500&fee=10&minimum=4,1,Workload,Pilot,9,72588000,4096,17721.68
MyBenchmark.Bench,benchmarks,MyBenchmark,Bench,MediumRun,Default,Default,Default,Default,Default,Default,Default,Default,Default,Default,Default,Default,Default,Default,Default,Default,Default,Default,Default,Default,Default,Default,Default,Default,Default,Default,Default,Default,Default,15,Default,2,Default,Default,Default,Default,Default,Default,10,"MediumRun(IterationCount=15, LaunchCount=2, WarmupCount=10)",amount=5500&fee=10&minimum=4,1,Workload,Pilot,10,128585000,8192,15696.41
MyBenchmark.Bench,benchmarks,MyBenchmark,Bench,MediumRun,Default,Default,Default,Default,Default,Default,Default,Default,Default,Default,Default,Default,Default,Default,Default,Default,Default,Default,Default,Default,Default,Default,Default,Default,Default,Default,Default,Default,Default,15,Default,2,Default,Default,Default,Default,Default,Default,10,"MediumRun(IterationCount=15, LaunchCount=2, WarmupCount=10)",amount=5500&fee=10&minimum=4,1,Workload,Pilot,11,252425000,16384,15406.8
MyBenchmark.Bench,benchmarks,MyBenchmark,Bench,MediumRun,Default,Default,Default,Default,Default,Default,Default,Default,Default,Default,Default,Default,Default,Default,Default,Default,Default,Default,Default,Default,Default,Default,Default,Default,Default,Default,Default,Default,Default,15,Default,2,Default,Default,Default,Default,Default,Default,10,"MediumRun(IterationCount=15, LaunchCount=2, WarmupCount=10)",amount=5500&fee=10&minimum=4,1,Workload,Pilot,12,512193000,32768,15630.89
MyBenchmark.Bench,benchmarks,MyBenchmark,Bench,MediumRun,Default,Default,Default,Default,Default,Default,Default,Default,Default,Default,Default,Default,Default,Default,Default,Default,Default,Default,Default,Default,Default,Default,Default,Default,Default,Default,Default,Default,Default,15,Default,2,Default,Default,Default,Default,Default,Default,10,"MediumRun(IterationCount=15, LaunchCount=2, WarmupCount=10)",amount=5500&fee=10&minimum=4,1,Overhead,Warmup,1,69000,32768,2.11
MyBenchmark.Bench,benchmarks,MyBenchmark,Bench,MediumRun,Default,Default,Default,Default,Default,Default,Default,Default,Default,Default,Default,Default,Default,Default,Default,Default,Default,Default,Default,Default,Default,Default,Default,Default,Default,Default,Default,Default,Default,15,Default,2,Default,Default,Default,Default,Default,Default,10,"MediumRun(IterationCount=15, LaunchCount=2, WarmupCount=10)",amount=5500&fee=10&minimum=4,1,Overhead,Warmup,2,66000,32768,2.01
MyBenchmark.Bench,benchmarks,MyBenchmark,Bench,MediumRun,Default,Default,Default,Default,Default,Default,Default,Default,Default,Default,Default,Default,Default,Default,Default,Default,Default,Default,Default,Default,Default,Default,Default,Default,Default,Default,Default,Default,Default,15,Default,2,Default,Default,Default,Default,Default,Default,10,"MediumRun(IterationCount=15, LaunchCount=2, WarmupCount=10)",amount=5500&fee=10&minimum=4,1,Overhead,Warmup,3,66000,32768,2.01
MyBenchmark.Bench,benchmarks,MyBenchmark,Bench,MediumRun,Default,Default,Default,Default,Default,Default,Default,Default,Default,Default,Default,Default,Default,Default,Default,Default,Default,Default,Default,Default,Default,Default,Default,Default,Default,Default,Default,Default,Default,15,Default,2,Default,Default,Default,Default,Default,Default,10,"MediumRun(IterationCount=15, LaunchCount=2, WarmupCount=10)",amount=5500&fee=10&minimum=4,1,Overhead,Warmup,4,66000,32768,2.01
MyBenchmark.Bench,benchmarks,MyBenchmark,Bench,MediumRun,Default,Default,Default,Default,Default,Default,Default,Default,Default,Default,Default,Default,Default,Default,Default,Default,Default,Default,Default,Default,Default,Default,Default,Default,Default,Default,Default,Default,Default,15,Default,2,Default,Default,Default,Default,Default,Default,10,"MediumRun(IterationCount=15, LaunchCount=2, WarmupCount=10)",amount=5500&fee=10&minimum=4,1,Overhead,Warmup,5,66000,32768,2.01
MyBenchmark.Bench,benchmarks,MyBenchmark,Bench,MediumRun,Default,Default,Default,Default,Default,Default,Default,Default,Default,Default,Default,Default,Default,Default,Default,Default,Default,Default,Default,Default,Default,Default,Default,Default,Default,Default,Default,Default,Default,15,Default,2,Default,Default,Default,Default,Default,Default,10,"MediumRun(IterationCount=15, LaunchCount=2, WarmupCount=10)",amount=5500&fee=10&minimum=4,1,Overhead,Warmup,6,66000,32768,2.01
MyBenchmark.Bench,benchmarks,MyBenchmark,Bench,MediumRun,Default,Default,Default,Default,Default,Default,Default,Default,Default,Default,Default,Default,Default,Default,Default,Default,Default,Default,Default,Default,Default,Default,Default,Default,Default,Default,Default,Default,Default,15,Default,2,Default,Default,Default,Default,Default,Default,10,"MediumRun(IterationCount=15, LaunchCount=2, WarmupCount=10)",amount=5500&fee=10&minimum=4,1,Overhead,Actual,1,66000,32768,2.01
MyBenchmark.Bench,benchmarks,MyBenchmark,Bench,MediumRun,Default,Default,Default,Default,Default,Default,Default,Default,Default,Default,Default,Default,Default,Default,Default,Default,Default,Default,Default,Default,Default,Default,Default,Default,Default,Default,Default,Default,Default,15,Default,2,Default,Default,Default,Default,Default,Default,10,"MediumRun(IterationCount=15, LaunchCount=2, WarmupCount=10)",amount=5500&fee=10&minimum=4,1,Overhead,Actual,2,67000,32768,2.04
MyBenchmark.Bench,benchmarks,MyBenchmark,Bench,MediumRun,Default,Default,Default,Default,Default,Default,Default,Default,Default,Default,Default,Default,Default,Default,Default,Default,Default,Default,Default,Default,Default,Default,Default,Default,Default,Default,Default,Default,Default,15,Default,2,Default,Default,Default,Default,Default,Default,10,"MediumRun(IterationCount=15, LaunchCount=2, WarmupCount=10)",amount=5500&fee=10&minimum=4,1,Overhead,Actual,3,67000,32768,2.04
MyBenchmark.Bench,benchmarks,MyBenchmark,Bench,MediumRun,Default,Default,Default,Default,Default,Default,Default,Default,Default,Default,Default,Default,Default,Default,Default,Default,Default,Default,Default,Default,Default,Default,Default,Default,Default,Default,Default,Default,Default,15,Default,2,Default,Default,Default,Default,Default,Default,10,"MediumRun(IterationCount=15, LaunchCount=2, WarmupCount=10)",amount=5500&fee=10&minimum=4,1,Overhead,Actual,4,66000,32768,2.01
MyBenchmark.Bench,benchmarks,MyBenchmark,Bench,MediumRun,Default,Default,Default,Default,Default,Default,Default,Default,Default,Default,Default,Default,Default,Default,Default,Default,Default,Default,Default,Default,Default,Default,Default,Default,Default,Default,Default,Default,Default,15,Default,2,Default,Default,Default,Default,Default,Default,10,"MediumRun(IterationCount=15, LaunchCount=2, WarmupCount=10)",amount=5500&fee=10&minimum=4,1,Overhead,Actual,5,66000,32768,2.01
MyBenchmark.Bench,benchmarks,MyBenchmark,Bench,MediumRun,Default,Default,Default,Default,Default,Default,Default,Default,Default,Default,Default,Default,Default,Default,Default,Default,Default,Default,Default,Default,Default,Default,Default,Default,Default,Default,Default,Default,Default,15,Default,2,Default,Default,Default,Default,Default,Default,10,"MediumRun(IterationCount=15, LaunchCount=2, WarmupCount=10)",amount=5500&fee=10&minimum=4,1,Overhead,Actual,6,66000,32768,2.01
MyBenchmark.Bench,benchmarks,MyBenchmark,Bench,MediumRun,Default,Default,Default,Default,Default,Default,Default,Default,Default,Default,Default,Default,Default,Default,Default,Default,Default,Default,Default,Default,Default,Default,Default,Default,Default,Default,Default,Default,Default,15,Default,2,Default,Default,Default,Default,Default,Default,10,"MediumRun(IterationCount=15, LaunchCount=2, WarmupCount=10)",amount=5500&fee=10&minimum=4,1,Overhead,Actual,7,66000,32768,2.01
MyBenchmark.Bench,benchmarks,MyBenchmark,Bench,MediumRun,Default,Default,Default,Default,Default,Default,Default,Default,Default,Default,Default,Default,Default,Default,Default,Default,Default,Default,Default,Default,Default,Default,Default,Default,Default,Default,Default,Default,Default,15,Default,2,Default,Default,Default,Default,Default,Default,10,"MediumRun(IterationCount=15, LaunchCount=2, WarmupCount=10)",amount=5500&fee=10&minimum=4,1,Overhead,Actual,8,66000,32768,2.01
MyBenchmark.Bench,benchmarks,MyBenchmark,Bench,MediumRun,Default,Default,Default,Default,Default,Default,Default,Default,Default,Default,Default,Default,Default,Default,Default,Default,Default,Default,Default,Default,Default,Default,Default,Default,Default,Default,Default,Default,Default,15,Default,2,Default,Default,Default,Default,Default,Default,10,"MediumRun(IterationCount=15, LaunchCount=2, WarmupCount=10)",amount=5500&fee=10&minimum=4,1,Overhead,Actual,9,66000,32768,2.01
MyBenchmark.Bench,benchmarks,MyBenchmark,Bench,MediumRun,Default,Default,Default,Default,Default,Default,Default,Default,Default,Default,Default,Default,Default,Default,Default,Default,Default,Default,Default,Default,Default,Default,Default,Default,Default,Default,Default,Default,Default,15,Default,2,Default,Default,Default,Default,Default,Default,10,"MediumRun(IterationCount=15, LaunchCount=2, WarmupCount=10)",amount=5500&fee=10&minimum=4,1,Overhead,Actual,10,66000,32768,2.01
MyBenchmark.Bench,benchmarks,MyBenchmark,Bench,MediumRun,Default,Default,Default,Default,Default,Default,Default,Default,Default,Default,Default,Default,Default,Default,Default,Default,Default,Default,Default,Default,Default,Default,Default,Default,Default,Default,Default,Default,Default,15,Default,2,Default,Default,Default,Default,Default,Default,10,"MediumRun(IterationCount=15, LaunchCount=2, WarmupCount=10)",amount=5500&fee=10&minimum=4,1,Overhead,Actual,11,66000,32768,2.01
MyBenchmark.Bench,benchmarks,MyBenchmark,Bench,MediumRun,Default,Default,Default,Default,Default,Default,Default,Default,Default,Default,Default,Default,Default,Default,Default,Default,Default,Default,Default,Default,Default,Default,Default,Default,Default,Default,Default,Default,Default,15,Default,2,Default,Default,Default,Default,Default,Default,10,"MediumRun(IterationCount=15, LaunchCount=2, WarmupCount=10)",amount=5500&fee=10&minimum=4,1,Overhead,Actual,12,65000,32768,1.98
MyBenchmark.Bench,benchmarks,MyBenchmark,Bench,MediumRun,Default,Default,Default,Default,Default,Default,Default,Default,Default,Default,Default,Default,Default,Default,Default,Default,Default,Default,Default,Default,Default,Default,Default,Default,Default,Default,Default,Default,Default,15,Default,2,Default,Default,Default,Default,Default,Default,10,"MediumRun(IterationCount=15, LaunchCount=2, WarmupCount=10)",amount=5500&fee=10&minimum=4,1,Overhead,Actual,13,66000,32768,2.01
MyBenchmark.Bench,benchmarks,MyBenchmark,Bench,MediumRun,Default,Default,Default,Default,Default,Default,Default,Default,Default,Default,Default,Default,Default,Default,Default,Default,Default,Default,Default,Default,Default,Default,Default,Default,Default,Default,Default,Default,Default,15,Default,2,Default,Default,Default,Default,Default,Default,10,"MediumRun(IterationCount=15, LaunchCount=2, WarmupCount=10)",amount=5500&fee=10&minimum=4,1,Overhead,Actual,14,66000,32768,2.01
MyBenchmark.Bench,benchmarks,MyBenchmark,Bench,MediumRun,Default,Default,Default,Default,Default,Default,Default,Default,Default,Default,Default,Default,Default,Default,Default,Default,Default,Default,Default,Default,Default,Default,Default,Default,Default,Default,Default,Default,Default,15,Default,2,Default,Default,Default,Default,Default,Default,10,"MediumRun(IterationCount=15, LaunchCount=2, WarmupCount=10)",amount=5500&fee=10&minimum=4,1,Overhead,Actual,15,67000,32768,2.04
MyBenchmark.Bench,benchmarks,MyBenchmark,Bench,MediumRun,Default,Default,Default,Default,Default,Default,Default,Default,Default,Default,Default,Default,Default,Default,Default,Default,Default,Default,Default,Default,Default,Default,Default,Default,Default,Default,Default,Default,Default,15,Default,2,Default,Default,Default,Default,Default,Default,10,"MediumRun(IterationCount=15, LaunchCount=2, WarmupCount=10)",amount=5500&fee=10&minimum=4,1,Workload,Warmup,1,505468000,32768,15425.66
MyBenchmark.Bench,benchmarks,MyBenchmark,Bench,MediumRun,Default,Default,Default,Default,Default,Default,Default,Default,Default,Default,Default,Default,Default,Default,Default,Default,Default,Default,Default,Default,Default,Default,Default,Default,Default,Default,Default,Default,Default,15,Default,2,Default,Default,Default,Default,Default,Default,10,"MediumRun(IterationCount=15, LaunchCount=2, WarmupCount=10)",amount=5500&fee=10&minimum=4,1,Workload,Warmup,2,492799000,32768,15039.03
MyBenchmark.Bench,benchmarks,MyBenchmark,Bench,MediumRun,Default,Default,Default,Default,Default,Default,Default,Default,Default,Default,Default,Default,Default,Default,Default,Default,Default,Default,Default,Default,Default,Default,Default,Default,Default,Default,Default,Default,Default,15,Default,2,Default,Default,Default,Default,Default,Default,10,"MediumRun(IterationCount=15, LaunchCount=2, WarmupCount=10)",amount=5500&fee=10&minimum=4,1,Workload,Warmup,3,493893000,32768,15072.42
MyBenchmark.Bench,benchmarks,MyBenchmark,Bench,MediumRun,Default,Default,Default,Default,Default,Default,Default,Default,Default,Default,Default,Default,Default,Default,Default,Default,Default,Default,Default,Default,Default,Default,Default,Default,Default,Default,Default,Default,Default,15,Default,2,Default,Default,Default,Default,Default,Default,10,"MediumRun(IterationCount=15, LaunchCount=2, WarmupCount=10)",amount=5500&fee=10&minimum=4,1,Workload,Warmup,4,500981000,32768,15288.73
MyBenchmark.Bench,benchmarks,MyBenchmark,Bench,MediumRun,Default,Default,Default,Default,Default,Default,Default,Default,Default,Default,Default,Default,Default,Default,Default,Default,Default,Default,Default,Default,Default,Default,Default,Default,Default,Default,Default,Default,Default,15,Default,2,Default,Default,Default,Default,Default,Default,10,"MediumRun(IterationCount=15, LaunchCount=2, WarmupCount=10)",amount=5500&fee=10&minimum=4,1,Workload,Warmup,5,497742000,32768,15189.88
MyBenchmark.Bench,benchmarks,MyBenchmark,Bench,MediumRun,Default,Default,Default,Default,Default,Default,Default,Default,Default,Default,Default,Default,Default,Default,Default,Default,Default,Default,Default,Default,Default,Default,Default,Default,Default,Default,Default,Default,Default,15,Default,2,Default,Default,Default,Default,Default,Default,10,"MediumRun(IterationCount=15, LaunchCount=2, WarmupCount=10)",amount=5500&fee=10&minimum=4,1,Workload,Warmup,6,499363000,32768,15239.35
MyBenchmark.Bench,benchmarks,MyBenchmark,Bench,MediumRun,Default,Default,Default,Default,Default,Default,Default,Default,Default,Default,Default,Default,Default,Default,Default,Default,Default,Default,Default,Default,Default,Default,Default,Default,Default,Default,Default,Default,Default,15,Default,2,Default,Default,Default,Default,Default,Default,10,"MediumRun(IterationCount=15, LaunchCount=2, WarmupCount=10)",amount=5500&fee=10&minimum=4,1,Workload,Warmup,7,490706000,32768,14975.16
MyBenchmark.Bench,benchmarks,MyBenchmark,Bench,MediumRun,Default,Default,Default,Default,Default,Default,Default,Default,Default,Default,Default,Default,Default,Default,Default,Default,Default,Default,Default,Default,Default,Default,Default,Default,Default,Default,Default,Default,Default,15,Default,2,Default,Default,Default,Default,Default,Default,10,"MediumRun(IterationCount=15, LaunchCount=2, WarmupCount=10)",amount=5500&fee=10&minimum=4,1,Workload,Warmup,8,492425000,32768,15027.62
MyBenchmark.Bench,benchmarks,MyBenchmark,Bench,MediumRun,Default,Default,Default,Default,Default,Default,Default,Default,Default,Default,Default,Default,Default,Default,Default,Default,Default,Default,Default,Default,Default,Default,Default,Default,Default,Default,Default,Default,Default,15,Default,2,Default,Default,Default,Default,Default,Default,10,"MediumRun(IterationCount=15, LaunchCount=2, WarmupCount=10)",amount=5500&fee=10&minimum=4,1,Workload,Warmup,9,491887000,32768,15011.2
MyBenchmark.Bench,benchmarks,MyBenchmark,Bench,MediumRun,Default,Default,Default,Default,Default,Default,Default,Default,Default,Default,Default,Default,Default,Default,Default,Default,Default,Default,Default,Default,Default,Default,Default,Default,Default,Default,Default,Default,Default,15,Default,2,Default,Default,Default,Default,Default,Default,10,"MediumRun(IterationCount=15, LaunchCount=2, WarmupCount=10)",amount=5500&fee=10&minimum=4,1,Workload,Warmup,10,496433000,32768,15149.93
MyBenchmark.Bench,benchmarks,MyBenchmark,Bench,MediumRun,Default,Default,Default,Default,Default,Default,Default,Default,Default,Default,Default,Default,Default,Default,Default,Default,Default,Default,Default,Default,Default,Default,Default,Default,Default,Default,Default,Default,Default,15,Default,2,Default,Default,Default,Default,Default,Default,10,"MediumRun(IterationCount=15, LaunchCount=2, WarmupCount=10)",amount=5500&fee=10&minimum=4,1,Workload,Actual,1,511278000,32768,15602.97
MyBenchmark.Bench,benchmarks,MyBenchmark,Bench,MediumRun,Default,Default,Default,Default,Default,Default,Default,Default,Default,Default,Default,Default,Default,Default,Default,Default,Default,Default,Default,Default,Default,Default,Default,Default,Default,Default,Default,Default,Default,15,Default,2,Default,Default,Default,Default,Default,Default,10,"MediumRun(IterationCount=15, LaunchCount=2, WarmupCount=10)",amount=5500&fee=10&minimum=4,1,Workload,Actual,2,497297000,32768,15176.3
MyBenchmark.Bench,benchmarks,MyBenchmark,Bench,MediumRun,Default,Default,Default,Default,Default,Default,Default,Default,Default,Default,Default,Default,Default,Default,Default,Default,Default,Default,Default,Default,Default,Default,Default,Default,Default,Default,Default,Default,Default,15,Default,2,Default,Default,Default,Default,Default,Default,10,"MediumRun(IterationCount=15, LaunchCount=2, WarmupCount=10)",amount=5500&fee=10&minimum=4,1,Workload,Actual,3,492856000,32768,15040.77
MyBenchmark.Bench,benchmarks,MyBenchmark,Bench,MediumRun,Default,Default,Default,Default,Default,Default,Default,Default,Default,Default,Default,Default,Default,Default,Default,Default,Default,Default,Default,Default,Default,Default,Default,Default,Default,Default,Default,Default,Default,15,Default,2,Default,Default,Default,Default,Default,Default,10,"MediumRun(IterationCount=15, LaunchCount=2, WarmupCount=10)",amount=5500&fee=10&minimum=4,1,Workload,Actual,4,493252000,32768,15052.86
MyBenchmark.Bench,benchmarks,MyBenchmark,Bench,MediumRun,Default,Default,Default,Default,Default,Default,Default,Default,Default,Default,Default,Default,Default,Default,Default,Default,Default,Default,Default,Default,Default,Default,Default,Default,Default,Default,Default,Default,Default,15,Default,2,Default,Default,Default,Default,Default,Default,10,"MediumRun(IterationCount=15, LaunchCount=2, WarmupCount=10)",amount=5500&fee=10&minimum=4,1,Workload,Actual,5,492930000,32768,15043.03
MyBenchmark.Bench,benchmarks,MyBenchmark,Bench,MediumRun,Default,Default,Default,Default,Default,Default,Default,Default,Default,Default,Default,Default,Default,Default,Default,Default,Default,Default,Default,Default,Default,Default,Default,Default,Default,Default,Default,Default,Default,15,Default,2,Default,Default,Default,Default,Default,Default,10,"MediumRun(IterationCount=15, LaunchCount=2, WarmupCount=10)",amount=5500&fee=10&minimum=4,1,Workload,Actual,6,495717000,32768,15128.08
MyBenchmark.Bench,benchmarks,MyBenchmark,Bench,MediumRun,Default,Default,Default,Default,Default,Default,Default,Default,Default,Default,Default,Default,Default,Default,Default,Default,Default,Default,Default,Default,Default,Default,Default,Default,Default,Default,Default,Default,Default,15,Default,2,Default,Default,Default,Default,Default,Default,10,"MediumRun(IterationCount=15, LaunchCount=2, WarmupCount=10)",amount=5500&fee=10&minimum=4,1,Workload,Actual,7,493612000,32768,15063.84
MyBenchmark.Bench,benchmarks,MyBenchmark,Bench,MediumRun,Default,Default,Default,Default,Default,Default,Default,Default,Default,Default,Default,Default,Default,Default,Default,Default,Default,Default,Default,Default,Default,Default,Default,Default,Default,Default,Default,Default,Default,15,Default,2,Default,Default,Default,Default,Default,Default,10,"MediumRun(IterationCount=15, LaunchCount=2, WarmupCount=10)",amount=5500&fee=10&minimum=4,1,Workload,Actual,8,491649000,32768,15003.94
MyBenchmark.Bench,benchmarks,MyBenchmark,Bench,MediumRun,Default,Default,Default,Default,Default,Default,Default,Default,Default,Default,Default,Default,Default,Default,Default,Default,Default,Default,Default,Default,Default,Default,Default,Default,Default,Default,Default,Default,Default,15,Default,2,Default,Default,Default,Default,Default,Default,10,"MediumRun(IterationCount=15, LaunchCount=2, WarmupCount=10)",amount=5500&fee=10&minimum=4,1,Workload,Actual,9,492237000,32768,15021.88
MyBenchmark.Bench,benchmarks,MyBenchmark,Bench,MediumRun,Default,Default,Default,Default,Default,Default,Default,Default,Default,Default,Default,Default,Default,Default,Default,Default,Default,Default,Default,Default,Default,Default,Default,Default,Default,Default,Default,Default,Default,15,Default,2,Default,Default,Default,Default,Default,Default,10,"MediumRun(IterationCount=15, LaunchCount=2, WarmupCount=10)",amount=5500&fee=10&minimum=4,1,Workload,Actual,10,515048000,32768,15718.02
MyBenchmark.Bench,benchmarks,MyBenchmark,Bench,MediumRun,Default,Default,Default,Default,Default,Default,Default,Default,Default,Default,Default,Default,Default,Default,Default,Default,Default,Default,Default,Default,Default,Default,Default,Default,Default,Default,Default,Default,Default,15,Default,2,Default,Default,Default,Default,Default,Default,10,"MediumRun(IterationCount=15, LaunchCount=2, WarmupCount=10)",amount=5500&fee=10&minimum=4,1,Workload,Actual,11,500306000,32768,15268.13
MyBenchmark.Bench,benchmarks,MyBenchmark,Bench,MediumRun,Default,Default,Default,Default,Default,Default,Default,Default,Default,Default,Default,Default,Default,Default,Default,Default,Default,Default,Default,Default,Default,Default,Default,Default,Default,Default,Default,Default,Default,15,Default,2,Default,Default,Default,Default,Default,Default,10,"MediumRun(IterationCount=15, LaunchCount=2, WarmupCount=10)",amount=5500&fee=10&minimum=4,1,Workload,Actual,12,492370000,32768,15025.94
MyBenchmark.Bench,benchmarks,MyBenchmark,Bench,MediumRun,Default,Default,Default,Default,Default,Default,Default,Default,Default,Default,Default,Default,Default,Default,Default,Default,Default,Default,Default,Default,Default,Default,Default,Default,Default,Default,Default,Default,Default,15,Default,2,Default,Default,Default,Default,Default,Default,10,"MediumRun(IterationCount=15, LaunchCount=2, WarmupCount=10)",amount=5500&fee=10&minimum=4,1,Workload,Actual,13,495001000,32768,15106.23
MyBenchmark.Bench,benchmarks,MyBenchmark,Bench,MediumRun,Default,Default,Default,Default,Default,Default,Default,Default,Default,Default,Default,Default,Default,Default,Default,Default,Default,Default,Default,Default,Default,Default,Default,Default,Default,Default,Default,Default,Default,15,Default,2,Default,Default,Default,Default,Default,Default,10,"MediumRun(IterationCount=15, LaunchCount=2, WarmupCount=10)",amount=5500&fee=10&minimum=4,1,Workload,Actual,14,510551000,32768,15580.78
MyBenchmark.Bench,benchmarks,MyBenchmark,Bench,MediumRun,Default,Default,Default,Default,Default,Default,Default,Default,Default,Default,Default,Default,Default,Default,Default,Default,Default,Default,Default,Default,Default,Default,Default,Default,Default,Default,Default,Default,Default,15,Default,2,Default,Default,Default,Default,Default,Default,10,"MediumRun(IterationCount=15, LaunchCount=2, WarmupCount=10)",amount=5500&fee=10&minimum=4,1,Workload,Actual,15,523735000,32768,15983.12
MyBenchmark.Bench,benchmarks,MyBenchmark,Bench,MediumRun,Default,Default,Default,Default,Default,Default,Default,Default,Default,Default,Default,Default,Default,Default,Default,Default,Default,Default,Default,Default,Default,Default,Default,Default,Default,Default,Default,Default,Default,15,Default,2,Default,Default,Default,Default,Default,Default,10,"MediumRun(IterationCount=15, LaunchCount=2, WarmupCount=10)",amount=5500&fee=10&minimum=4,1,Workload,Result,1,511211866.67,32768,15600.95
MyBenchmark.Bench,benchmarks,MyBenchmark,Bench,MediumRun,Default,Default,Default,Default,Default,Default,Default,Default,Default,Default,Default,Default,Default,Default,Default,Default,Default,Default,Default,Default,Default,Default,Default,Default,Default,Default,Default,Default,Default,15,Default,2,Default,Default,Default,Default,Default,Default,10,"MediumRun(IterationCount=15, LaunchCount=2, WarmupCount=10)",amount=5500&fee=10&minimum=4,1,Workload,Result,2,497230866.67,32768,15174.28
MyBenchmark.Bench,benchmarks,MyBenchmark,Bench,MediumRun,Default,Default,Default,Default,Default,Default,Default,Default,Default,Default,Default,Default,Default,Default,Default,Default,Default,Default,Default,Default,Default,Default,Default,Default,Default,Default,Default,Default,Default,15,Default,2,Default,Default,Default,Default,Default,Default,10,"MediumRun(IterationCount=15, LaunchCount=2, WarmupCount=10)",amount=5500&fee=10&minimum=4,1,Workload,Result,3,492789866.67,32768,15038.75
MyBenchmark.Bench,benchmarks,MyBenchmark,Bench,MediumRun,Default,Default,Default,Default,Default,Default,Default,Default,Default,Default,Default,Default,Default,Default,Default,Default,Default,Default,Default,Default,Default,Default,Default,Default,Default,Default,Default,Default,Default,15,Default,2,Default,Default,Default,Default,Default,Default,10,"MediumRun(IterationCount=15, LaunchCount=2, WarmupCount=10)",amount=5500&fee=10&minimum=4,1,Workload,Result,4,493185866.67,32768,15050.84
MyBenchmark.Bench,benchmarks,MyBenchmark,Bench,MediumRun,Default,Default,Default,Default,Default,Default,Default,Default,Default,Default,Default,Default,Default,Default,Default,Default,Default,Default,Default,Default,Default,Default,Default,Default,Default,Default,Default,Default,Default,15,Default,2,Default,Default,Default,Default,Default,Default,10,"MediumRun(IterationCount=15, LaunchCount=2, WarmupCount=10)",amount=5500&fee=10&minimum=4,1,Workload,Result,5,492863866.67,32768,15041.01
MyBenchmark.Bench,benchmarks,MyBenchmark,Bench,MediumRun,Default,Default,Default,Default,Default,Default,Default,Default,Default,Default,Default,Default,Default,Default,Default,Default,Default,Default,Default,Default,Default,Default,Default,Default,Default,Default,Default,Default,Default,15,Default,2,Default,Default,Default,Default,Default,Default,10,"MediumRun(IterationCount=15, LaunchCount=2, WarmupCount=10)",amount=5500&fee=10&minimum=4,1,Workload,Result,6,495650866.67,32768,15126.06
MyBenchmark.Bench,benchmarks,MyBenchmark,Bench,MediumRun,Default,Default,Default,Default,Default,Default,Default,Default,Default,Default,Default,Default,Default,Default,Default,Default,Default,Default,Default,Default,Default,Default,Default,Default,Default,Default,Default,Default,Default,15,Default,2,Default,Default,Default,Default,Default,Default,10,"MediumRun(IterationCount=15, LaunchCount=2, WarmupCount=10)",amount=5500&fee=10&minimum=4,1,Workload,Result,7,493545866.67,32768,15061.82
MyBenchmark.Bench,benchmarks,MyBenchmark,Bench,MediumRun,Default,Default,Default,Default,Default,Default,Default,Default,Default,Default,Default,Default,Default,Default,Default,Default,Default,Default,Default,Default,Default,Default,Default,Default,Default,Default,Default,Default,Default,15,Default,2,Default,Default,Default,Default,Default,Default,10,"MediumRun(IterationCount=15, LaunchCount=2, WarmupCount=10)",amount=5500&fee=10&minimum=4,1,Workload,Result,8,491582866.67,32768,15001.92
MyBenchmark.Bench,benchmarks,MyBenchmark,Bench,MediumRun,Default,Default,Default,Default,Default,Default,Default,Default,Default,Default,Default,Default,Default,Default,Default,Default,Default,Default,Default,Default,Default,Default,Default,Default,Default,Default,Default,Default,Default,15,Default,2,Default,Default,Default,Default,Default,Default,10,"MediumRun(IterationCount=15, LaunchCount=2, WarmupCount=10)",amount=5500&fee=10&minimum=4,1,Workload,Result,9,492170866.67,32768,15019.86
MyBenchmark.Bench,benchmarks,MyBenchmark,Bench,MediumRun,Default,Default,Default,Default,Default,Default,Default,Default,Default,Default,Default,Default,Default,Default,Default,Default,Default,Default,Default,Default,Default,Default,Default,Default,Default,Default,Default,Default,Default,15,Default,2,Default,Default,Default,Default,Default,Default,10,"MediumRun(IterationCount=15, LaunchCount=2, WarmupCount=10)",amount=5500&fee=10&minimum=4,1,Workload,Result,10,514981866.67,32768,15716
MyBenchmark.Bench,benchmarks,MyBenchmark,Bench,MediumRun,Default,Default,Default,Default,Default,Default,Default,Default,Default,Default,Default,Default,Default,Default,Default,Default,Default,Default,Default,Default,Default,Default,Default,Default,Default,Default,Default,Default,Default,15,Default,2,Default,Default,Default,Default,Default,Default,10,"MediumRun(IterationCount=15, LaunchCount=2, WarmupCount=10)",amount=5500&fee=10&minimum=4,1,Workload,Result,11,500239866.67,32768,15266.11
MyBenchmark.Bench,benchmarks,MyBenchmark,Bench,MediumRun,Default,Default,Default,Default,Default,Default,Default,Default,Default,Default,Default,Default,Default,Default,Default,Default,Default,Default,Default,Default,Default,Default,Default,Default,Default,Default,Default,Default,Default,15,Default,2,Default,Default,Default,Default,Default,Default,10,"MediumRun(IterationCount=15, LaunchCount=2, WarmupCount=10)",amount=5500&fee=10&minimum=4,1,Workload,Result,12,492303866.67,32768,15023.92
MyBenchmark.Bench,benchmarks,MyBenchmark,Bench,MediumRun,Default,Default,Default,Default,Default,Default,Default,Default,Default,Default,Default,Default,Default,Default,Default,Default,Default,Default,Default,Default,Default,Default,Default,Default,Default,Default,Default,Default,Default,15,Default,2,Default,Default,Default,Default,Default,Default,10,"MediumRun(IterationCount=15, LaunchCount=2, WarmupCount=10)",amount=5500&fee=10&minimum=4,1,Workload,Result,13,494934866.67,32768,15104.21
MyBenchmark.Bench,benchmarks,MyBenchmark,Bench,MediumRun,Default,Default,Default,Default,Default,Default,Default,Default,Default,Default,Default,Default,Default,Default,Default,Default,Default,Default,Default,Default,Default,Default,Default,Default,Default,Default,Default,Default,Default,15,Default,2,Default,Default,Default,Default,Default,Default,10,"MediumRun(IterationCount=15, LaunchCount=2, WarmupCount=10)",amount=5500&fee=10&minimum=4,1,Workload,Result,14,510484866.67,32768,15578.76
MyBenchmark.Bench,benchmarks,MyBenchmark,Bench,MediumRun,Default,Default,Default,Default,Default,Default,Default,Default,Default,Default,Default,Default,Default,Default,Default,Default,Default,Default,Default,Default,Default,Default,Default,Default,Default,Default,Default,Default,Default,15,Default,2,Default,Default,Default,Default,Default,Default,10,"MediumRun(IterationCount=15, LaunchCount=2, WarmupCount=10)",amount=5500&fee=10&minimum=4,1,Workload,Result,15,523668866.67,32768,15981.11
MyBenchmark.Bench,benchmarks,MyBenchmark,Bench,MediumRun,Default,Default,Default,Default,Default,Default,Default,Default,Default,Default,Default,Default,Default,Default,Default,Default,Default,Default,Default,Default,Default,Default,Default,Default,Default,Default,Default,Default,Default,15,Default,2,Default,Default,Default,Default,Default,Default,10,"MediumRun(IterationCount=15, LaunchCount=2, WarmupCount=10)",amount=5500&fee=10&minimum=4,2,Overhead,Jitting,1,505000,1,505000
MyBenchmark.Bench,benchmarks,MyBenchmark,Bench,MediumRun,Default,Default,Default,Default,Default,Default,Default,Default,Default,Default,Default,Default,Default,Default,Default,Default,Default,Default,Default,Default,Default,Default,Default,Default,Default,Default,Default,Default,Default,15,Default,2,Default,Default,Default,Default,Default,Default,10,"MediumRun(IterationCount=15, LaunchCount=2, WarmupCount=10)",amount=5500&fee=10&minimum=4,2,Workload,Jitting,1,12137000,1,12137000
MyBenchmark.Bench,benchmarks,MyBenchmark,Bench,MediumRun,Default,Default,Default,Default,Default,Default,Default,Default,Default,Default,Default,Default,Default,Default,Default,Default,Default,Default,Default,Default,Default,Default,Default,Default,Default,Default,Default,Default,Default,15,Default,2,Default,Default,Default,Default,Default,Default,10,"MediumRun(IterationCount=15, LaunchCount=2, WarmupCount=10)",amount=5500&fee=10&minimum=4,2,Overhead,Jitting,2,753000,16,47062.5
MyBenchmark.Bench,benchmarks,MyBenchmark,Bench,MediumRun,Default,Default,Default,Default,Default,Default,Default,Default,Default,Default,Default,Default,Default,Default,Default,Default,Default,Default,Default,Default,Default,Default,Default,Default,Default,Default,Default,Default,Default,15,Default,2,Default,Default,Default,Default,Default,Default,10,"MediumRun(IterationCount=15, LaunchCount=2, WarmupCount=10)",amount=5500&fee=10&minimum=4,2,Workload,Jitting,2,976000,16,61000
MyBenchmark.Bench,benchmarks,MyBenchmark,Bench,MediumRun,Default,Default,Default,Default,Default,Default,Default,Default,Default,Default,Default,Default,Default,Default,Default,Default,Default,Default,Default,Default,Default,Default,Default,Default,Default,Default,Default,Default,Default,15,Default,2,Default,Default,Default,Default,Default,Default,10,"MediumRun(IterationCount=15, LaunchCount=2, WarmupCount=10)",amount=5500&fee=10&minimum=4,2,Workload,Pilot,1,246000,16,15375
MyBenchmark.Bench,benchmarks,MyBenchmark,Bench,MediumRun,Default,Default,Default,Default,Default,Default,Default,Default,Default,Default,Default,Default,Default,Default,Default,Default,Default,Default,Default,Default,Default,Default,Default,Default,Default,Default,Default,Default,Default,15,Default,2,Default,Default,Default,Default,Default,Default,10,"MediumRun(IterationCount=15, LaunchCount=2, WarmupCount=10)",amount=5500&fee=10&minimum=4,2,Workload,Pilot,2,737000,32,23031.25
MyBenchmark.Bench,benchmarks,MyBenchmark,Bench,MediumRun,Default,Default,Default,Default,Default,Default,Default,Default,Default,Default,Default,Default,Default,Default,Default,Default,Default,Default,Default,Default,Default,Default,Default,Default,Default,Default,Default,Default,Default,15,Default,2,Default,Default,Default,Default,Default,Default,10,"MediumRun(IterationCount=15, LaunchCount=2, WarmupCount=10)",amount=5500&fee=10&minimum=4,2,Workload,Pilot,3,3531000,64,55171.88
MyBenchmark.Bench,benchmarks,MyBenchmark,Bench,MediumRun,Default,Default,Default,Default,Default,Default,Default,Default,Default,Default,Default,Default,Default,Default,Default,Default,Default,Default,Default,Default,Default,Default,Default,Default,Default,Default,Default,Default,Default,15,Default,2,Default,Default,Default,Default,Default,Default,10,"MediumRun(IterationCount=15, LaunchCount=2, WarmupCount=10)",amount=5500&fee=10&minimum=4,2,Workload,Pilot,4,2933000,128,22914.06
MyBenchmark.Bench,benchmarks,MyBenchmark,Bench,MediumRun,Default,Default,Default,Default,Default,Default,Default,Default,Default,Default,Default,Default,Default,Default,Default,Default,Default,Default,Default,Default,Default,Default,Default,Default,Default,Default,Default,Default,Default,15,Default,2,Default,Default,Default,Default,Default,Default,10,"MediumRun(IterationCount=15, LaunchCount=2, WarmupCount=10)",amount=5500&fee=10&minimum=4,2,Workload,Pilot,5,4289000,256,16753.91
MyBenchmark.Bench,benchmarks,MyBenchmark,Bench,MediumRun,Default,Default,Default,Default,Default,Default,Default,Default,Default,Default,Default,Default,Default,Default,Default,Default,Default,Default,Default,Default,Default,Default,Default,Default,Default,Default,Default,Default,Default,15,Default,2,Default,Default,Default,Default,Default,Default,10,"MediumRun(IterationCount=15, LaunchCount=2, WarmupCount=10)",amount=5500&fee=10&minimum=4,2,Workload,Pilot,6,7734000,512,15105.47
MyBenchmark.Bench,benchmarks,MyBenchmark,Bench,MediumRun,Default,Default,Default,Default,Default,Default,Default,Default,Default,Default,Default,Default,Default,Default,Default,Default,Default,Default,Default,Default,Default,Default,Default,Default,Default,Default,Default,Default,Default,15,Default,2,Default,Default,Default,Default,Default,Default,10,"MediumRun(IterationCount=15, LaunchCount=2, WarmupCount=10)",amount=5500&fee=10&minimum=4,2,Workload,Pilot,7,20073000,1024,19602.54
MyBenchmark.Bench,benchmarks,MyBenchmark,Bench,MediumRun,Default,Default,Default,Default,Default,Default,Default,Default,Default,Default,Default,Default,Default,Default,Default,Default,Default,Default,Default,Default,Default,Default,Default,Default,Default,Default,Default,Default,Default,15,Default,2,Default,Default,Default,Default,Default,Default,10,"MediumRun(IterationCount=15, LaunchCount=2, WarmupCount=10)",amount=5500&fee=10&minimum=4,2,Workload,Pilot,8,43826000,2048,21399.41
MyBenchmark.Bench,benchmarks,MyBenchmark,Bench,MediumRun,Default,Default,Default,Default,Default,Default,Default,Default,Default,Default,Default,Default,Default,Default,Default,Default,Default,Default,Default,Default,Default,Default,Default,Default,Default,Default,Default,Default,Default,15,Default,2,Default,Default,Default,Default,Default,Default,10,"MediumRun(IterationCount=15, LaunchCount=2, WarmupCount=10)",amount=5500&fee=10&minimum=4,2,Workload,Pilot,9,67824000,4096,16558.59
MyBenchmark.Bench,benchmarks,MyBenchmark,Bench,MediumRun,Default,Default,Default,Default,Default,Default,Default,Default,Default,Default,Default,Default,Default,Default,Default,Default,Default,Default,Default,Default,Default,Default,Default,Default,Default,Default,Default,Default,Default,15,Default,2,Default,Default,Default,Default,Default,Default,10,"MediumRun(IterationCount=15, LaunchCount=2, WarmupCount=10)",amount=5500&fee=10&minimum=4,2,Workload,Pilot,10,129938000,8192,15861.57
MyBenchmark.Bench,benchmarks,MyBenchmark,Bench,MediumRun,Default,Default,Default,Default,Default,Default,Default,Default,Default,Default,Default,Default,Default,Default,Default,Default,Default,Default,Default,Default,Default,Default,Default,Default,Default,Default,Default,Default,Default,15,Default,2,Default,Default,Default,Default,Default,Default,10,"MediumRun(IterationCount=15, LaunchCount=2, WarmupCount=10)",amount=5500&fee=10&minimum=4,2,Workload,Pilot,11,252830000,16384,15431.52
MyBenchmark.Bench,benchmarks,MyBenchmark,Bench,MediumRun,Default,Default,Default,Default,Default,Default,Default,Default,Default,Default,Default,Default,Default,Default,Default,Default,Default,Default,Default,Default,Default,Default,Default,Default,Default,Default,Default,Default,Default,15,Default,2,Default,Default,Default,Default,Default,Default,10,"MediumRun(IterationCount=15, LaunchCount=2, WarmupCount=10)",amount=5500&fee=10&minimum=4,2,Workload,Pilot,12,488408000,32768,14905.03
MyBenchmark.Bench,benchmarks,MyBenchmark,Bench,MediumRun,Default,Default,Default,Default,Default,Default,Default,Default,Default,Default,Default,Default,Default,Default,Default,Default,Default,Default,Default,Default,Default,Default,Default,Default,Default,Default,Default,Default,Default,15,Default,2,Default,Default,Default,Default,Default,Default,10,"MediumRun(IterationCount=15, LaunchCount=2, WarmupCount=10)",amount=5500&fee=10&minimum=4,2,Workload,Pilot,13,970454000,65536,14807.95
MyBenchmark.Bench,benchmarks,MyBenchmark,Bench,MediumRun,Default,Default,Default,Default,Default,Default,Default,Default,Default,Default,Default,Default,Default,Default,Default,Default,Default,Default,Default,Default,Default,Default,Default,Default,Default,Default,Default,Default,Default,15,Default,2,Default,Default,Default,Default,Default,Default,10,"MediumRun(IterationCount=15, LaunchCount=2, WarmupCount=10)",amount=5500&fee=10&minimum=4,2,Overhead,Warmup,1,136000,65536,2.08
MyBenchmark.Bench,benchmarks,MyBenchmark,Bench,MediumRun,Default,Default,Default,Default,Default,Default,Default,Default,Default,Default,Default,Default,Default,Default,Default,Default,Default,Default,Default,Default,Default,Default,Default,Default,Default,Default,Default,Default,Default,15,Default,2,Default,Default,Default,Default,Default,Default,10,"MediumRun(IterationCount=15, LaunchCount=2, WarmupCount=10)",amount=5500&fee=10&minimum=4,2,Overhead,Warmup,2,132000,65536,2.01
MyBenchmark.Bench,benchmarks,MyBenchmark,Bench,MediumRun,Default,Default,Default,Default,Default,Default,Default,Default,Default,Default,Default,Default,Default,Default,Default,Default,Default,Default,Default,Default,Default,Default,Default,Default,Default,Default,Default,Default,Default,15,Default,2,Default,Default,Default,Default,Default,Default,10,"MediumRun(IterationCount=15, LaunchCount=2, WarmupCount=10)",amount=5500&fee=10&minimum=4,2,Overhead,Warmup,3,133000,65536,2.03
MyBenchmark.Bench,benchmarks,MyBenchmark,Bench,MediumRun,Default,Default,Default,Default,Default,Default,Default,Default,Default,Default,Default,Default,Default,Default,Default,Default,Default,Default,Default,Default,Default,Default,Default,Default,Default,Default,Default,Default,Default,15,Default,2,Default,Default,Default,Default,Default,Default,10,"MediumRun(IterationCount=15, LaunchCount=2, WarmupCount=10)",amount=5500&fee=10&minimum=4,2,Overhead,Warmup,4,133000,65536,2.03
MyBenchmark.Bench,benchmarks,MyBenchmark,Bench,MediumRun,Default,Default,Default,Default,Default,Default,Default,Default,Default,Default,Default,Default,Default,Default,Default,Default,Default,Default,Default,Default,Default,Default,Default,Default,Default,Default,Default,Default,Default,15,Default,2,Default,Default,Default,Default,Default,Default,10,"MediumRun(IterationCount=15, LaunchCount=2, WarmupCount=10)",amount=5500&fee=10&minimum=4,2,Overhead,Warmup,5,133000,65536,2.03
MyBenchmark.Bench,benchmarks,MyBenchmark,Bench,MediumRun,Default,Default,Default,Default,Default,Default,Default,Default,Default,Default,Default,Default,Default,Default,Default,Default,Default,Default,Default,Default,Default,Default,Default,Default,Default,Default,Default,Default,Default,15,Default,2,Default,Default,Default,Default,Default,Default,10,"MediumRun(IterationCount=15, LaunchCount=2, WarmupCount=10)",amount=5500&fee=10&minimum=4,2,Overhead,Warmup,6,133000,65536,2.03
MyBenchmark.Bench,benchmarks,MyBenchmark,Bench,MediumRun,Default,Default,Default,Default,Default,Default,Default,Default,Default,Default,Default,Default,Default,Default,Default,Default,Default,Default,Default,Default,Default,Default,Default,Default,Default,Default,Default,Default,Default,15,Default,2,Default,Default,Default,Default,Default,Default,10,"MediumRun(IterationCount=15, LaunchCount=2, WarmupCount=10)",amount=5500&fee=10&minimum=4,2,Overhead,Actual,1,131000,65536,2
MyBenchmark.Bench,benchmarks,MyBenchmark,Bench,MediumRun,Default,Default,Default,Default,Default,Default,Default,Default,Default,Default,Default,Default,Default,Default,Default,Default,Default,Default,Default,Default,Default,Default,Default,Default,Default,Default,Default,Default,Default,15,Default,2,Default,Default,Default,Default,Default,Default,10,"MediumRun(IterationCount=15, LaunchCount=2, WarmupCount=10)",amount=5500&fee=10&minimum=4,2,Overhead,Actual,2,132000,65536,2.01
MyBenchmark.Bench,benchmarks,MyBenchmark,Bench,MediumRun,Default,Default,Default,Default,Default,Default,Default,Default,Default,Default,Default,Default,Default,Default,Default,Default,Default,Default,Default,Default,Default,Default,Default,Default,Default,Default,Default,Default,Default,15,Default,2,Default,Default,Default,Default,Default,Default,10,"MediumRun(IterationCount=15, LaunchCount=2, WarmupCount=10)",amount=5500&fee=10&minimum=4,2,Overhead,Actual,3,133000,65536,2.03
MyBenchmark.Bench,benchmarks,MyBenchmark,Bench,MediumRun,Default,Default,Default,Default,Default,Default,Default,Default,Default,Default,Default,Default,Default,Default,Default,Default,Default,Default,Default,Default,Default,Default,Default,Default,Default,Default,Default,Default,Default,15,Default,2,Default,Default,Default,Default,Default,Default,10,"MediumRun(IterationCount=15, LaunchCount=2, WarmupCount=10)",amount=5500&fee=10&minimum=4,2,Overhead,Actual,4,133000,65536,2.03
MyBenchmark.Bench,benchmarks,MyBenchmark,Bench,MediumRun,Default,Default,Default,Default,Default,Default,Default,Default,Default,Default,Default,Default,Default,Default,Default,Default,Default,Default,Default,Default,Default,Default,Default,Default,Default,Default,Default,Default,Default,15,Default,2,Default,Default,Default,Default,Default,Default,10,"MediumRun(IterationCount=15, LaunchCount=2, WarmupCount=10)",amount=5500&fee=10&minimum=4,2,Overhead,Actual,5,132000,65536,2.01
MyBenchmark.Bench,benchmarks,MyBenchmark,Bench,MediumRun,Default,Default,Default,Default,Default,Default,Default,Default,Default,Default,Default,Default,Default,Default,Default,Default,Default,Default,Default,Default,Default,Default,Default,Default,Default,Default,Default,Default,Default,15,Default,2,Default,Default,Default,Default,Default,Default,10,"MediumRun(IterationCount=15, LaunchCount=2, WarmupCount=10)",amount=5500&fee=10&minimum=4,2,Overhead,Actual,6,132000,65536,2.01
MyBenchmark.Bench,benchmarks,MyBenchmark,Bench,MediumRun,Default,Default,Default,Default,Default,Default,Default,Default,Default,Default,Default,Default,Default,Default,Default,Default,Default,Default,Default,Default,Default,Default,Default,Default,Default,Default,Default,Default,Default,15,Default,2,Default,Default,Default,Default,Default,Default,10,"MediumRun(IterationCount=15, LaunchCount=2, WarmupCount=10)",amount=5500&fee=10&minimum=4,2,Overhead,Actual,7,132000,65536,2.01
MyBenchmark.Bench,benchmarks,MyBenchmark,Bench,MediumRun,Default,Default,Default,Default,Default,Default,Default,Default,Default,Default,Default,Default,Default,Default,Default,Default,Default,Default,Default,Default,Default,Default,Default,Default,Default,Default,Default,Default,Default,15,Default,2,Default,Default,Default,Default,Default,Default,10,"MediumRun(IterationCount=15, LaunchCount=2, WarmupCount=10)",amount=5500&fee=10&minimum=4,2,Overhead,Actual,8,132000,65536,2.01
MyBenchmark.Bench,benchmarks,MyBenchmark,Bench,MediumRun,Default,Default,Default,Default,Default,Default,Default,Default,Default,Default,Default,Default,Default,Default,Default,Default,Default,Default,Default,Default,Default,Default,Default,Default,Default,Default,Default,Default,Default,15,Default,2,Default,Default,Default,Default,Default,Default,10,"MediumRun(IterationCount=15, LaunchCount=2, WarmupCount=10)",amount=5500&fee=10&minimum=4,2,Overhead,Actual,9,132000,65536,2.01
MyBenchmark.Bench,benchmarks,MyBenchmark,Bench,MediumRun,Default,Default,Default,Default,Default,Default,Default,Default,Default,Default,Default,Default,Default,Default,Default,Default,Default,Default,Default,Default,Default,Default,Default,Default,Default,Default,Default,Default,Default,15,Default,2,Default,Default,Default,Default,Default,Default,10,"MediumRun(IterationCount=15, LaunchCount=2, WarmupCount=10)",amount=5500&fee=10&minimum=4,2,Overhead,Actual,10,133000,65536,2.03
MyBenchmark.Bench,benchmarks,MyBenchmark,Bench,MediumRun,Default,Default,Default,Default,Default,Default,Default,Default,Default,Default,Default,Default,Default,Default,Default,Default,Default,Default,Default,Default,Default,Default,Default,Default,Default,Default,Default,Default,Default,15,Default,2,Default,Default,Default,Default,Default,Default,10,"MediumRun(IterationCount=15, LaunchCount=2, WarmupCount=10)",amount=5500&fee=10&minimum=4,2,Overhead,Actual,11,132000,65536,2.01
MyBenchmark.Bench,benchmarks,MyBenchmark,Bench,MediumRun,Default,Default,Default,Default,Default,Default,Default,Default,Default,Default,Default,Default,Default,Default,Default,Default,Default,Default,Default,Default,Default,Default,Default,Default,Default,Default,Default,Default,Default,15,Default,2,Default,Default,Default,Default,Default,Default,10,"MediumRun(IterationCount=15, LaunchCount=2, WarmupCount=10)",amount=5500&fee=10&minimum=4,2,Overhead,Actual,12,133000,65536,2.03
MyBenchmark.Bench,benchmarks,MyBenchmark,Bench,MediumRun,Default,Default,Default,Default,Default,Default,Default,Default,Default,Default,Default,Default,Default,Default,Default,Default,Default,Default,Default,Default,Default,Default,Default,Default,Default,Default,Default,Default,Default,15,Default,2,Default,Default,Default,Default,Default,Default,10,"MediumRun(IterationCount=15, LaunchCount=2, WarmupCount=10)",amount=5500&fee=10&minimum=4,2,Overhead,Actual,13,132000,65536,2.01
MyBenchmark.Bench,benchmarks,MyBenchmark,Bench,MediumRun,Default,Default,Default,Default,Default,Default,Default,Default,Default,Default,Default,Default,Default,Default,Default,Default,Default,Default,Default,Default,Default,Default,Default,Default,Default,Default,Default,Default,Default,15,Default,2,Default,Default,Default,Default,Default,Default,10,"MediumRun(IterationCount=15, LaunchCount=2, WarmupCount=10)",amount=5500&fee=10&minimum=4,2,Overhead,Actual,14,133000,65536,2.03
MyBenchmark.Bench,benchmarks,MyBenchmark,Bench,MediumRun,Default,Default,Default,Default,Default,Default,Default,Default,Default,Default,Default,Default,Default,Default,Default,Default,Default,Default,Default,Default,Default,Default,Default,Default,Default,Default,Default,Default,Default,15,Default,2,Default,Default,Default,Default,Default,Default,10,"MediumRun(IterationCount=15, LaunchCount=2, WarmupCount=10)",amount=5500&fee=10&minimum=4,2,Overhead,Actual,15,154000,65536,2.35
MyBenchmark.Bench,benchmarks,MyBenchmark,Bench,MediumRun,Default,Default,Default,Default,Default,Default,Default,Default,Default,Default,Default,Default,Default,Default,Default,Default,Default,Default,Default,Default,Default,Default,Default,Default,Default,Default,Default,Default,Default,15,Default,2,Default,Default,Default,Default,Default,Default,10,"MediumRun(IterationCount=15, LaunchCount=2, WarmupCount=10)",amount=5500&fee=10&minimum=4,2,Workload,Warmup,1,1018880000,65536,15546.88
MyBenchmark.Bench,benchmarks,MyBenchmark,Bench,MediumRun,Default,Default,Default,Default,Default,Default,Default,Default,Default,Default,Default,Default,Default,Default,Default,Default,Default,Default,Default,Default,Default,Default,Default,Default,Default,Default,Default,Default,Default,15,Default,2,Default,Default,Default,Default,Default,Default,10,"MediumRun(IterationCount=15, LaunchCount=2, WarmupCount=10)",amount=5500&fee=10&minimum=4,2,Workload,Warmup,2,968526000,65536,14778.53
MyBenchmark.Bench,benchmarks,MyBenchmark,Bench,MediumRun,Default,Default,Default,Default,Default,Default,Default,Default,Default,Default,Default,Default,Default,Default,Default,Default,Default,Default,Default,Default,Default,Default,Default,Default,Default,Default,Default,Default,Default,15,Default,2,Default,Default,Default,Default,Default,Default,10,"MediumRun(IterationCount=15, LaunchCount=2, WarmupCount=10)",amount=5500&fee=10&minimum=4,2,Workload,Warmup,3,965380000,65536,14730.53
MyBenchmark.Bench,benchmarks,MyBenchmark,Bench,MediumRun,Default,Default,Default,Default,Default,Default,Default,Default,Default,Default,Default,Default,Default,Default,Default,Default,Default,Default,Default,Default,Default,Default,Default,Default,Default,Default,Default,Default,Default,15,Default,2,Default,Default,Default,Default,Default,Default,10,"MediumRun(IterationCount=15, LaunchCount=2, WarmupCount=10)",amount=5500&fee=10&minimum=4,2,Workload,Warmup,4,963737000,65536,14705.46
MyBenchmark.Bench,benchmarks,MyBenchmark,Bench,MediumRun,Default,Default,Default,Default,Default,Default,Default,Default,Default,Default,Default,Default,Default,Default,Default,Default,Default,Default,Default,Default,Default,Default,Default,Default,Default,Default,Default,Default,Default,15,Default,2,Default,Default,Default,Default,Default,Default,10,"MediumRun(IterationCount=15, LaunchCount=2, WarmupCount=10)",amount=5500&fee=10&minimum=4,2,Workload,Warmup,5,965142000,65536,14726.9
MyBenchmark.Bench,benchmarks,MyBenchmark,Bench,MediumRun,Default,Default,Default,Default,Default,Default,Default,Default,Default,Default,Default,Default,Default,Default,Default,Default,Default,Default,Default,Default,Default,Default,Default,Default,Default,Default,Default,Default,Default,15,Default,2,Default,Default,Default,Default,Default,Default,10,"MediumRun(IterationCount=15, LaunchCount=2, WarmupCount=10)",amount=5500&fee=10&minimum=4,2,Workload,Warmup,6,1007031000,65536,15366.07
MyBenchmark.Bench,benchmarks,MyBenchmark,Bench,MediumRun,Default,Default,Default,Default,Default,Default,Default,Default,Default,Default,Default,Default,Default,Default,Default,Default,Default,Default,Default,Default,Default,Default,Default,Default,Default,Default,Default,Default,Default,15,Default,2,Default,Default,Default,Default,Default,Default,10,"MediumRun(IterationCount=15, LaunchCount=2, WarmupCount=10)",amount=5500&fee=10&minimum=4,2,Workload,Warmup,7,962966000,65536,14693.7
MyBenchmark.Bench,benchmarks,MyBenchmark,Bench,MediumRun,Default,Default,Default,Default,Default,Default,Default,Default,Default,Default,Default,Default,Default,Default,Default,Default,Default,Default,Default,Default,Default,Default,Default,Default,Default,Default,Default,Default,Default,15,Default,2,Default,Default,Default,Default,Default,Default,10,"MediumRun(IterationCount=15, LaunchCount=2, WarmupCount=10)",amount=5500&fee=10&minimum=4,2,Workload,Warmup,8,963456000,65536,14701.17
MyBenchmark.Bench,benchmarks,MyBenchmark,Bench,MediumRun,Default,Default,Default,Default,Default,Default,Default,Default,Default,Default,Default,Default,Default,Default,Default,Default,Default,Default,Default,Default,Default,Default,Default,Default,Default,Default,Default,Default,Default,15,Default,2,Default,Default,Default,Default,Default,Default,10,"MediumRun(IterationCount=15, LaunchCount=2, WarmupCount=10)",amount=5500&fee=10&minimum=4,2,Workload,Warmup,9,960875000,65536,14661.79
MyBenchmark.Bench,benchmarks,MyBenchmark,Bench,MediumRun,Default,Default,Default,Default,Default,Default,Default,Default,Default,Default,Default,Default,Default,Default,Default,Default,Default,Default,Default,Default,Default,Default,Default,Default,Default,Default,Default,Default,Default,15,Default,2,Default,Default,Default,Default,Default,Default,10,"MediumRun(IterationCount=15, LaunchCount=2, WarmupCount=10)",amount=5500&fee=10&minimum=4,2,Workload,Warmup,10,964415000,65536,14715.81
MyBenchmark.Bench,benchmarks,MyBenchmark,Bench,MediumRun,Default,Default,Default,Default,Default,Default,Default,Default,Default,Default,Default,Default,Default,Default,Default,Default,Default,Default,Default,Default,Default,Default,Default,Default,Default,Default,Default,Default,Default,15,Default,2,Default,Default,Default,Default,Default,Default,10,"MediumRun(IterationCount=15, LaunchCount=2, WarmupCount=10)",amount=5500&fee=10&minimum=4,2,Workload,Actual,1,971744000,65536,14827.64
MyBenchmark.Bench,benchmarks,MyBenchmark,Bench,MediumRun,Default,Default,Default,Default,Default,Default,Default,Default,Default,Default,Default,Default,Default,Default,Default,Default,Default,Default,Default,Default,Default,Default,Default,Default,Default,Default,Default,Default,Default,15,Default,2,Default,Default,Default,Default,Default,Default,10,"MediumRun(IterationCount=15, LaunchCount=2, WarmupCount=10)",amount=5500&fee=10&minimum=4,2,Workload,Actual,2,964432000,65536,14716.06
MyBenchmark.Bench,benchmarks,MyBenchmark,Bench,MediumRun,Default,Default,Default,Default,Default,Default,Default,Default,Default,Default,Default,Default,Default,Default,Default,Default,Default,Default,Default,Default,Default,Default,Default,Default,Default,Default,Default,Default,Default,15,Default,2,Default,Default,Default,Default,Default,Default,10,"MediumRun(IterationCount=15, LaunchCount=2, WarmupCount=10)",amount=5500&fee=10&minimum=4,2,Workload,Actual,3,966577000,65536,14748.79
MyBenchmark.Bench,benchmarks,MyBenchmark,Bench,MediumRun,Default,Default,Default,Default,Default,Default,Default,Default,Default,Default,Default,Default,Default,Default,Default,Default,Default,Default,Default,Default,Default,Default,Default,Default,Default,Default,Default,Default,Default,15,Default,2,Default,Default,Default,Default,Default,Default,10,"MediumRun(IterationCount=15, LaunchCount=2, WarmupCount=10)",amount=5500&fee=10&minimum=4,2,Workload,Actual,4,960935000,65536,14662.7
MyBenchmark.Bench,benchmarks,MyBenchmark,Bench,MediumRun,Default,Default,Default,Default,Default,Default,Default,Default,Default,Default,Default,Default,Default,Default,Default,Default,Default,Default,Default,Default,Default,Default,Default,Default,Default,Default,Default,Default,Default,15,Default,2,Default,Default,Default,Default,Default,Default,10,"MediumRun(IterationCount=15, LaunchCount=2, WarmupCount=10)",amount=5500&fee=10&minimum=4,2,Workload,Actual,5,969332000,65536,14790.83
MyBenchmark.Bench,benchmarks,MyBenchmark,Bench,MediumRun,Default,Default,Default,Default,Default,Default,Default,Default,Default,Default,Default,Default,Default,Default,Default,Default,Default,Default,Default,Default,Default,Default,Default,Default,Default,Default,Default,Default,Default,15,Default,2,Default,Default,Default,Default,Default,Default,10,"MediumRun(IterationCount=15, LaunchCount=2, WarmupCount=10)",amount=5500&fee=10&minimum=4,2,Workload,Actual,6,973112000,65536,14848.51
MyBenchmark.Bench,benchmarks,MyBenchmark,Bench,MediumRun,Default,Default,Default,Default,Default,Default,Default,Default,Default,Default,Default,Default,Default,Default,Default,Default,Default,Default,Default,Default,Default,Default,Default,Default,Default,Default,Default,Default,Default,15,Default,2,Default,Default,Default,Default,Default,Default,10,"MediumRun(IterationCount=15, LaunchCount=2, WarmupCount=10)",amount=5500&fee=10&minimum=4,2,Workload,Actual,7,962979000,65536,14693.89
MyBenchmark.Bench,benchmarks,MyBenchmark,Bench,MediumRun,Default,Default,Default,Default,Default,Default,Default,Default,Default,Default,Default,Default,Default,Default,Default,Default,Default,Default,Default,Default,Default,Default,Default,Default,Default,Default,Default,Default,Default,15,Default,2,Default,Default,Default,Default,Default,Default,10,"MediumRun(IterationCount=15, LaunchCount=2, WarmupCount=10)",amount=5500&fee=10&minimum=4,2,Workload,Actual,8,977299000,65536,14912.4
MyBenchmark.Bench,benchmarks,MyBenchmark,Bench,MediumRun,Default,Default,Default,Default,Default,Default,Default,Default,Default,Default,Default,Default,Default,Default,Default,Default,Default,Default,Default,Default,Default,Default,Default,Default,Default,Default,Default,Default,Default,15,Default,2,Default,Default,Default,Default,Default,Default,10,"MediumRun(IterationCount=15, LaunchCount=2, WarmupCount=10)",amount=5500&fee=10&minimum=4,2,Workload,Actual,9,961582000,65536,14672.58
MyBenchmark.Bench,benchmarks,MyBenchmark,Bench,MediumRun,Default,Default,Default,Default,Default,Default,Default,Default,Default,Default,Default,Default,Default,Default,Default,Default,Default,Default,Default,Default,Default,Default,Default,Default,Default,Default,Default,Default,Default,15,Default,2,Default,Default,Default,Default,Default,Default,10,"MediumRun(IterationCount=15, LaunchCount=2, WarmupCount=10)",amount=5500&fee=10&minimum=4,2,Workload,Actual,10,963324000,65536,14699.16
MyBenchmark.Bench,benchmarks,MyBenchmark,Bench,MediumRun,Default,Default,Default,Default,Default,Default,Default,Default,Default,Default,Default,Default,Default,Default,Default,Default,Default,Default,Default,Default,Default,Default,Default,Default,Default,Default,Default,Default,Default,15,Default,2,Default,Default,Default,Default,Default,Default,10,"MediumRun(IterationCount=15, LaunchCount=2, WarmupCount=10)",amount=5500&fee=10&minimum=4,2,Workload,Actual,11,966811000,65536,14752.37
MyBenchmark.Bench,benchmarks,MyBenchmark,Bench,MediumRun,Default,Default,Default,Default,Default,Default,Default,Default,Default,Default,Default,Default,Default,Default,Default,Default,Default,Default,Default,Default,Default,Default,Default,Default,Default,Default,Default,Default,Default,15,Default,2,Default,Default,Default,Default,Default,Default,10,"MediumRun(IterationCount=15, LaunchCount=2, WarmupCount=10)",amount=5500&fee=10&minimum=4,2,Workload,Actual,12,988934000,65536,15089.94
MyBenchmark.Bench,benchmarks,MyBenchmark,Bench,MediumRun,Default,Default,Default,Default,Default,Default,Default,Default,Default,Default,Default,Default,Default,Default,Default,Default,Default,Default,Default,Default,Default,Default,Default,Default,Default,Default,Default,Default,Default,15,Default,2,Default,Default,Default,Default,Default,Default,10,"MediumRun(IterationCount=15, LaunchCount=2, WarmupCount=10)",amount=5500&fee=10&minimum=4,2,Workload,Actual,13,1025772000,65536,15652.04
MyBenchmark.Bench,benchmarks,MyBenchmark,Bench,MediumRun,Default,Default,Default,Default,Default,Default,Default,Default,Default,Default,Default,Default,Default,Default,Default,Default,Default,Default,Default,Default,Default,Default,Default,Default,Default,Default,Default,Default,Default,15,Default,2,Default,Default,Default,Default,Default,Default,10,"MediumRun(IterationCount=15, LaunchCount=2, WarmupCount=10)",amount=5500&fee=10&minimum=4,2,Workload,Actual,14,963796000,65536,14706.36
MyBenchmark.Bench,benchmarks,MyBenchmark,Bench,MediumRun,Default,Default,Default,Default,Default,Default,Default,Default,Default,Default,Default,Default,Default,Default,Default,Default,Default,Default,Default,Default,Default,Default,Default,Default,Default,Default,Default,Default,Default,15,Default,2,Default,Default,Default,Default,Default,Default,10,"MediumRun(IterationCount=15, LaunchCount=2, WarmupCount=10)",amount=5500&fee=10&minimum=4,2,Workload,Actual,15,962644000,65536,14688.78
MyBenchmark.Bench,benchmarks,MyBenchmark,Bench,MediumRun,Default,Default,Default,Default,Default,Default,Default,Default,Default,Default,Default,Default,Default,Default,Default,Default,Default,Default,Default,Default,Default,Default,Default,Default,Default,Default,Default,Default,Default,15,Default,2,Default,Default,Default,Default,Default,Default,10,"MediumRun(IterationCount=15, LaunchCount=2, WarmupCount=10)",amount=5500&fee=10&minimum=4,2,Workload,Result,1,971610266.67,65536,14825.6
MyBenchmark.Bench,benchmarks,MyBenchmark,Bench,MediumRun,Default,Default,Default,Default,Default,Default,Default,Default,Default,Default,Default,Default,Default,Default,Default,Default,Default,Default,Default,Default,Default,Default,Default,Default,Default,Default,Default,Default,Default,15,Default,2,Default,Default,Default,Default,Default,Default,10,"MediumRun(IterationCount=15, LaunchCount=2, WarmupCount=10)",amount=5500&fee=10&minimum=4,2,Workload,Result,2,964298266.67,65536,14714.02
MyBenchmark.Bench,benchmarks,MyBenchmark,Bench,MediumRun,Default,Default,Default,Default,Default,Default,Default,Default,Default,Default,Default,Default,Default,Default,Default,Default,Default,Default,Default,Default,Default,Default,Default,Default,Default,Default,Default,Default,Default,15,Default,2,Default,Default,Default,Default,Default,Default,10,"MediumRun(IterationCount=15, LaunchCount=2, WarmupCount=10)",amount=5500&fee=10&minimum=4,2,Workload,Result,3,966443266.67,65536,14746.75
MyBenchmark.Bench,benchmarks,MyBenchmark,Bench,MediumRun,Default,Default,Default,Default,Default,Default,Default,Default,Default,Default,Default,Default,Default,Default,Default,Default,Default,Default,Default,Default,Default,Default,Default,Default,Default,Default,Default,Default,Default,15,Default,2,Default,Default,Default,Default,Default,Default,10,"MediumRun(IterationCount=15, LaunchCount=2, WarmupCount=10)",amount=5500&fee=10&minimum=4,2,Workload,Result,4,960801266.67,65536,14660.66
MyBenchmark.Bench,benchmarks,MyBenchmark,Bench,MediumRun,Default,Default,Default,Default,Default,Default,Default,Default,Default,Default,Default,Default,Default,Default,Default,Default,Default,Default,Default,Default,Default,Default,Default,Default,Default,Default,Default,Default,Default,15,Default,2,Default,Default,Default,Default,Default,Default,10,"MediumRun(IterationCount=15, LaunchCount=2, WarmupCount=10)",amount=5500&fee=10&minimum=4,2,Workload,Result,5,969198266.67,65536,14788.79
MyBenchmark.Bench,benchmarks,MyBenchmark,Bench,MediumRun,Default,Default,Default,Default,Default,Default,Default,Default,Default,Default,Default,Default,Default,Default,Default,Default,Default,Default,Default,Default,Default,Default,Default,Default,Default,Default,Default,Default,Default,15,Default,2,Default,Default,Default,Default,Default,Default,10,"MediumRun(IterationCount=15, LaunchCount=2, WarmupCount=10)",amount=5500&fee=10&minimum=4,2,Workload,Result,6,972978266.67,65536,14846.47
MyBenchmark.Bench,benchmarks,MyBenchmark,Bench,MediumRun,Default,Default,Default,Default,Default,Default,Default,Default,Default,Default,Default,Default,Default,Default,Default,Default,Default,Default,Default,Default,Default,Default,Default,Default,Default,Default,Default,Default,Default,15,Default,2,Default,Default,Default,Default,Default,Default,10,"MediumRun(IterationCount=15, LaunchCount=2, WarmupCount=10)",amount=5500&fee=10&minimum=4,2,Workload,Result,7,962845266.67,65536,14691.85
MyBenchmark.Bench,benchmarks,MyBenchmark,Bench,MediumRun,Default,Default,Default,Default,Default,Default,Default,Default,Default,Default,Default,Default,Default,Default,Default,Default,Default,Default,Default,Default,Default,Default,Default,Default,Default,Default,Default,Default,Default,15,Default,2,Default,Default,Default,Default,Default,Default,10,"MediumRun(IterationCount=15, LaunchCount=2, WarmupCount=10)",amount=5500&fee=10&minimum=4,2,Workload,Result,8,977165266.67,65536,14910.36
MyBenchmark.Bench,benchmarks,MyBenchmark,Bench,MediumRun,Default,Default,Default,Default,Default,Default,Default,Default,Default,Default,Default,Default,Default,Default,Default,Default,Default,Default,Default,Default,Default,Default,Default,Default,Default,Default,Default,Default,Default,15,Default,2,Default,Default,Default,Default,Default,Default,10,"MediumRun(IterationCount=15, LaunchCount=2, WarmupCount=10)",amount=5500&fee=10&minimum=4,2,Workload,Result,9,961448266.67,65536,14670.54
MyBenchmark.Bench,benchmarks,MyBenchmark,Bench,MediumRun,Default,Default,Default,Default,Default,Default,Default,Default,Default,Default,Default,Default,Default,Default,Default,Default,Default,Default,Default,Default,Default,Default,Default,Default,Default,Default,Default,Default,Default,15,Default,2,Default,Default,Default,Default,Default,Default,10,"MediumRun(IterationCount=15, LaunchCount=2, WarmupCount=10)",amount=5500&fee=10&minimum=4,2,Workload,Result,10,963190266.67,65536,14697.12
MyBenchmark.Bench,benchmarks,MyBenchmark,Bench,MediumRun,Default,Default,Default,Default,Default,Default,Default,Default,Default,Default,Default,Default,Default,Default,Default,Default,Default,Default,Default,Default,Default,Default,Default,Default,Default,Default,Default,Default,Default,15,Default,2,Default,Default,Default,Default,Default,Default,10,"MediumRun(IterationCount=15, LaunchCount=2, WarmupCount=10)",amount=5500&fee=10&minimum=4,2,Workload,Result,11,966677266.67,65536,14750.32
MyBenchmark.Bench,benchmarks,MyBenchmark,Bench,MediumRun,Default,Default,Default,Default,Default,Default,Default,Default,Default,Default,Default,Default,Default,Default,Default,Default,Default,Default,Default,Default,Default,Default,Default,Default,Default,Default,Default,Default,Default,15,Default,2,Default,Default,Default,Default,Default,Default,10,"MediumRun(IterationCount=15, LaunchCount=2, WarmupCount=10)",amount=5500&fee=10&minimum=4,2,Workload,Result,12,963662266.67,65536,14704.32
MyBenchmark.Bench,benchmarks,MyBenchmark,Bench,MediumRun,Default,Default,Default,Default,Default,Default,Default,Default,Default,Default,Default,Default,Default,Default,Default,Default,Default,Default,Default,Default,Default,Default,Default,Default,Default,Default,Default,Default,Default,15,Default,2,Default,Default,Default,Default,Default,Default,10,"MediumRun(IterationCount=15, LaunchCount=2, WarmupCount=10)",amount=5500&fee=10&minimum=4,2,Workload,Result,13,962510266.67,65536,14686.74
MyBenchmark.Bench,benchmarks,MyBenchmark,Bench,ShortRun,Default,Default,Default,Default,Default,Default,Default,Default,Default,Default,Default,Default,Default,Default,Default,Default,Default,Default,Default,Default,Default,Default,Default,Default,Default,Default,Default,Default,Default,3,Default,1,Default,Default,Default,Default,Default,Default,3,"ShortRun(IterationCount=3, LaunchCount=1, WarmupCount=3)",amount=5500&fee=10&minimum=4,1,Overhead,Jitting,1,676000,1,676000
MyBenchmark.Bench,benchmarks,MyBenchmark,Bench,ShortRun,Default,Default,Default,Default,Default,Default,Default,Default,Default,Default,Default,Default,Default,Default,Default,Default,Default,Default,Default,Default,Default,Default,Default,Default,Default,Default,Default,Default,Default,3,Default,1,Default,Default,Default,Default,Default,Default,3,"ShortRun(IterationCount=3, LaunchCount=1, WarmupCount=3)",amount=5500&fee=10&minimum=4,1,Workload,Jitting,1,9434000,1,9434000
MyBenchmark.Bench,benchmarks,MyBenchmark,Bench,ShortRun,Default,Default,Default,Default,Default,Default,Default,Default,Default,Default,Default,Default,Default,Default,Default,Default,Default,Default,Default,Default,Default,Default,Default,Default,Default,Default,Default,Default,Default,3,Default,1,Default,Default,Default,Default,Default,Default,3,"ShortRun(IterationCount=3, LaunchCount=1, WarmupCount=3)",amount=5500&fee=10&minimum=4,1,Overhead,Jitting,2,652000,16,40750
MyBenchmark.Bench,benchmarks,MyBenchmark,Bench,ShortRun,Default,Default,Default,Default,Default,Default,Default,Default,Default,Default,Default,Default,Default,Default,Default,Default,Default,Default,Default,Default,Default,Default,Default,Default,Default,Default,Default,Default,Default,3,Default,1,Default,Default,Default,Default,Default,Default,3,"ShortRun(IterationCount=3, LaunchCount=1, WarmupCount=3)",amount=5500&fee=10&minimum=4,1,Workload,Jitting,2,931000,16,58187.5
MyBenchmark.Bench,benchmarks,MyBenchmark,Bench,ShortRun,Default,Default,Default,Default,Default,Default,Default,Default,Default,Default,Default,Default,Default,Default,Default,Default,Default,Default,Default,Default,Default,Default,Default,Default,Default,Default,Default,Default,Default,3,Default,1,Default,Default,Default,Default,Default,Default,3,"ShortRun(IterationCount=3, LaunchCount=1, WarmupCount=3)",amount=5500&fee=10&minimum=4,1,Workload,Pilot,1,245000,16,15312.5
MyBenchmark.Bench,benchmarks,MyBenchmark,Bench,ShortRun,Default,Default,Default,Default,Default,Default,Default,Default,Default,Default,Default,Default,Default,Default,Default,Default,Default,Default,Default,Default,Default,Default,Default,Default,Default,Default,Default,Default,Default,3,Default,1,Default,Default,Default,Default,Default,Default,3,"ShortRun(IterationCount=3, LaunchCount=1, WarmupCount=3)",amount=5500&fee=10&minimum=4,1,Workload,Pilot,2,545000,32,17031.25
MyBenchmark.Bench,benchmarks,MyBenchmark,Bench,ShortRun,Default,Default,Default,Default,Default,Default,Default,Default,Default,Default,Default,Default,Default,Default,Default,Default,Default,Default,Default,Default,Default,Default,Default,Default,Default,Default,Default,Default,Default,3,Default,1,Default,Default,Default,Default,Default,Default,3,"ShortRun(IterationCount=3, LaunchCount=1, WarmupCount=3)",amount=5500&fee=10&minimum=4,1,Workload,Pilot,3,1790000,64,27968.75
MyBenchmark.Bench,benchmarks,MyBenchmark,Bench,ShortRun,Default,Default,Default,Default,Default,Default,Default,Default,Default,Default,Default,Default,Default,Default,Default,Default,Default,Default,Default,Default,Default,Default,Default,Default,Default,Default,Default,Default,Default,3,Default,1,Default,Default,Default,Default,Default,Default,3,"ShortRun(IterationCount=3, LaunchCount=1, WarmupCount=3)",amount=5500&fee=10&minimum=4,1,Workload,Pilot,4,3517000,128,27476.56
MyBenchmark.Bench,benchmarks,MyBenchmark,Bench,ShortRun,Default,Default,Default,Default,Default,Default,Default,Default,Default,Default,Default,Default,Default,Default,Default,Default,Default,Default,Default,Default,Default,Default,Default,Default,Default,Default,Default,Default,Default,3,Default,1,Default,Default,Default,Default,Default,Default,3,"ShortRun(IterationCount=3, LaunchCount=1, WarmupCount=3)",amount=5500&fee=10&minimum=4,1,Workload,Pilot,5,4186000,256,16351.56
MyBenchmark.Bench,benchmarks,MyBenchmark,Bench,ShortRun,Default,Default,Default,Default,Default,Default,Default,Default,Default,Default,Default,Default,Default,Default,Default,Default,Default,Default,Default,Default,Default,Default,Default,Default,Default,Default,Default,Default,Default,3,Default,1,Default,Default,Default,Default,Default,Default,3,"ShortRun(IterationCount=3, LaunchCount=1, WarmupCount=3)",amount=5500&fee=10&minimum=4,1,Workload,Pilot,6,8057000,512,15736.33
MyBenchmark.Bench,benchmarks,MyBenchmark,Bench,ShortRun,Default,Default,Default,Default,Default,Default,Default,Default,Default,Default,Default,Default,Default,Default,Default,Default,Default,Default,Default,Default,Default,Default,Default,Default,Default,Default,Default,Default,Default,3,Default,1,Default,Default,Default,Default,Default,Default,3,"ShortRun(IterationCount=3, LaunchCount=1, WarmupCount=3)",amount=5500&fee=10&minimum=4,1,Workload,Pilot,7,20545000,1024,20063.48
MyBenchmark.Bench,benchmarks,MyBenchmark,Bench,ShortRun,Default,Default,Default,Default,Default,Default,Default,Default,Default,Default,Default,Default,Default,Default,Default,Default,Default,Default,Default,Default,Default,Default,Default,Default,Default,Default,Default,Default,Default,3,Default,1,Default,Default,Default,Default,Default,Default,3,"ShortRun(IterationCount=3, LaunchCount=1, WarmupCount=3)",amount=5500&fee=10&minimum=4,1,Workload,Pilot,8,37089000,2048,18109.86
MyBenchmark.Bench,benchmarks,MyBenchmark,Bench,ShortRun,Default,Default,Default,Default,Default,Default,Default,Default,Default,Default,Default,Default,Default,Default,Default,Default,Default,Default,Default,Default,Default,Default,Default,Default,Default,Default,Default,Default,Default,3,Default,1,Default,Default,Default,Default,Default,Default,3,"ShortRun(IterationCount=3, LaunchCount=1, WarmupCount=3)",amount=5500&fee=10&minimum=4,1,Workload,Pilot,9,67481000,4096,16474.85
MyBenchmark.Bench,benchmarks,MyBenchmark,Bench,ShortRun,Default,Default,Default,Default,Default,Default,Default,Default,Default,Default,Default,Default,Default,Default,Default,Default,Default,Default,Default,Default,Default,Default,Default,Default,Default,Default,Default,Default,Default,3,Default,1,Default,Default,Default,Default,Default,Default,3,"ShortRun(IterationCount=3, LaunchCount=1, WarmupCount=3)",amount=5500&fee=10&minimum=4,1,Workload,Pilot,10,132581000,8192,16184.2
MyBenchmark.Bench,benchmarks,MyBenchmark,Bench,ShortRun,Default,Default,Default,Default,Default,Default,Default,Default,Default,Default,Default,Default,Default,Default,Default,Default,Default,Default,Default,Default,Default,Default,Default,Default,Default,Default,Default,Default,Default,3,Default,1,Default,Default,Default,Default,Default,Default,3,"ShortRun(IterationCount=3, LaunchCount=1, WarmupCount=3)",amount=5500&fee=10&minimum=4,1,Workload,Pilot,11,253988000,16384,15502.2
MyBenchmark.Bench,benchmarks,MyBenchmark,Bench,ShortRun,Default,Default,Default,Default,Default,Default,Default,Default,Default,Default,Default,Default,Default,Default,Default,Default,Default,Default,Default,Default,Default,Default,Default,Default,Default,Default,Default,Default,Default,3,Default,1,Default,Default,Default,Default,Default,Default,3,"ShortRun(IterationCount=3, LaunchCount=1, WarmupCount=3)",amount=5500&fee=10&minimum=4,1,Workload,Pilot,12,495620000,32768,15125.12
MyBenchmark.Bench,benchmarks,MyBenchmark,Bench,ShortRun,Default,Default,Default,Default,Default,Default,Default,Default,Default,Default,Default,Default,Default,Default,Default,Default,Default,Default,Default,Default,Default,Default,Default,Default,Default,Default,Default,Default,Default,3,Default,1,Default,Default,Default,Default,Default,Default,3,"ShortRun(IterationCount=3, LaunchCount=1, WarmupCount=3)",amount=5500&fee=10&minimum=4,1,Workload,Pilot,13,964478000,65536,14716.77
MyBenchmark.Bench,benchmarks,MyBenchmark,Bench,ShortRun,Default,Default,Default,Default,Default,Default,Default,Default,Default,Default,Default,Default,Default,Default,Default,Default,Default,Default,Default,Default,Default,Default,Default,Default,Default,Default,Default,Default,Default,3,Default,1,Default,Default,Default,Default,Default,Default,3,"ShortRun(IterationCount=3, LaunchCount=1, WarmupCount=3)",amount=5500&fee=10&minimum=4,1,Overhead,Warmup,1,136000,65536,2.08
MyBenchmark.Bench,benchmarks,MyBenchmark,Bench,ShortRun,Default,Default,Default,Default,Default,Default,Default,Default,Default,Default,Default,Default,Default,Default,Default,Default,Default,Default,Default,Default,Default,Default,Default,Default,Default,Default,Default,Default,Default,3,Default,1,Default,Default,Default,Default,Default,Default,3,"ShortRun(IterationCount=3, LaunchCount=1, WarmupCount=3)",amount=5500&fee=10&minimum=4,1,Overhead,Warmup,2,133000,65536,2.03
MyBenchmark.Bench,benchmarks,MyBenchmark,Bench,ShortRun,Default,Default,Default,Default,Default,Default,Default,Default,Default,Default,Default,Default,Default,Default,Default,Default,Default,Default,Default,Default,Default,Default,Default,Default,Default,Default,Default,Default,Default,3,Default,1,Default,Default,Default,Default,Default,Default,3,"ShortRun(IterationCount=3, LaunchCount=1, WarmupCount=3)",amount=5500&fee=10&minimum=4,1,Overhead,Warmup,3,132000,65536,2.01
MyBenchmark.Bench,benchmarks,MyBenchmark,Bench,ShortRun,Default,Default,Default,Default,Default,Default,Default,Default,Default,Default,Default,Default,Default,Default,Default,Default,Default,Default,Default,Default,Default,Default,Default,Default,Default,Default,Default,Default,Default,3,Default,1,Default,Default,Default,Default,Default,Default,3,"ShortRun(IterationCount=3, LaunchCount=1, WarmupCount=3)",amount=5500&fee=10&minimum=4,1,Overhead,Warmup,4,133000,65536,2.03
MyBenchmark.Bench,benchmarks,MyBenchmark,Bench,ShortRun,Default,Default,Default,Default,Default,Default,Default,Default,Default,Default,Default,Default,Default,Default,Default,Default,Default,Default,Default,Default,Default,Default,Default,Default,Default,Default,Default,Default,Default,3,Default,1,Default,Default,Default,Default,Default,Default,3,"ShortRun(IterationCount=3, LaunchCount=1, WarmupCount=3)",amount=5500&fee=10&minimum=4,1,Overhead,Warmup,5,132000,65536,2.01
MyBenchmark.Bench,benchmarks,MyBenchmark,Bench,ShortRun,Default,Default,Default,Default,Default,Default,Default,Default,Default,Default,Default,Default,Default,Default,Default,Default,Default,Default,Default,Default,Default,Default,Default,Default,Default,Default,Default,Default,Default,3,Default,1,Default,Default,Default,Default,Default,Default,3,"ShortRun(IterationCount=3, LaunchCount=1, WarmupCount=3)",amount=5500&fee=10&minimum=4,1,Overhead,Warmup,6,132000,65536,2.01
MyBenchmark.Bench,benchmarks,MyBenchmark,Bench,ShortRun,Default,Default,Default,Default,Default,Default,Default,Default,Default,Default,Default,Default,Default,Default,Default,Default,Default,Default,Default,Default,Default,Default,Default,Default,Default,Default,Default,Default,Default,3,Default,1,Default,Default,Default,Default,Default,Default,3,"ShortRun(IterationCount=3, LaunchCount=1, WarmupCount=3)",amount=5500&fee=10&minimum=4,1,Overhead,Warmup,7,132000,65536,2.01
MyBenchmark.Bench,benchmarks,MyBenchmark,Bench,ShortRun,Default,Default,Default,Default,Default,Default,Default,Default,Default,Default,Default,Default,Default,Default,Default,Default,Default,Default,Default,Default,Default,Default,Default,Default,Default,Default,Default,Default,Default,3,Default,1,Default,Default,Default,Default,Default,Default,3,"ShortRun(IterationCount=3, LaunchCount=1, WarmupCount=3)",amount=5500&fee=10&minimum=4,1,Overhead,Actual,1,133000,65536,2.03
MyBenchmark.Bench,benchmarks,MyBenchmark,Bench,ShortRun,Default,Default,Default,Default,Default,Default,Default,Default,Default,Default,Default,Default,Default,Default,Default,Default,Default,Default,Default,Default,Default,Default,Default,Default,Default,Default,Default,Default,Default,3,Default,1,Default,Default,Default,Default,Default,Default,3,"ShortRun(IterationCount=3, LaunchCount=1, WarmupCount=3)",amount=5500&fee=10&minimum=4,1,Overhead,Actual,2,133000,65536,2.03
MyBenchmark.Bench,benchmarks,MyBenchmark,Bench,ShortRun,Default,Default,Default,Default,Default,Default,Default,Default,Default,Default,Default,Default,Default,Default,Default,Default,Default,Default,Default,Default,Default,Default,Default,Default,Default,Default,Default,Default,Default,3,Default,1,Default,Default,Default,Default,Default,Default,3,"ShortRun(IterationCount=3, LaunchCount=1, WarmupCount=3)",amount=5500&fee=10&minimum=4,1,Overhead,Actual,3,133000,65536,2.03
MyBenchmark.Bench,benchmarks,MyBenchmark,Bench,ShortRun,Default,Default,Default,Default,Default,Default,Default,Default,Default,Default,Default,Default,Default,Default,Default,Default,Default,Default,Default,Default,Default,Default,Default,Default,Default,Default,Default,Default,Default,3,Default,1,Default,Default,Default,Default,Default,Default,3,"ShortRun(IterationCount=3, LaunchCount=1, WarmupCount=3)",amount=5500&fee=10&minimum=4,1,Overhead,Actual,4,132000,65536,2.01
MyBenchmark.Bench,benchmarks,MyBenchmark,Bench,ShortRun,Default,Default,Default,Default,Default,Default,Default,Default,Default,Default,Default,Default,Default,Default,Default,Default,Default,Default,Default,Default,Default,Default,Default,Default,Default,Default,Default,Default,Default,3,Default,1,Default,Default,Default,Default,Default,Default,3,"ShortRun(IterationCount=3, LaunchCount=1, WarmupCount=3)",amount=5500&fee=10&minimum=4,1,Overhead,Actual,5,142000,65536,2.17
MyBenchmark.Bench,benchmarks,MyBenchmark,Bench,ShortRun,Default,Default,Default,Default,Default,Default,Default,Default,Default,Default,Default,Default,Default,Default,Default,Default,Default,Default,Default,Default,Default,Default,Default,Default,Default,Default,Default,Default,Default,3,Default,1,Default,Default,Default,Default,Default,Default,3,"ShortRun(IterationCount=3, LaunchCount=1, WarmupCount=3)",amount=5500&fee=10&minimum=4,1,Overhead,Actual,6,266000,65536,4.06
MyBenchmark.Bench,benchmarks,MyBenchmark,Bench,ShortRun,Default,Default,Default,Default,Default,Default,Default,Default,Default,Default,Default,Default,Default,Default,Default,Default,Default,Default,Default,Default,Default,Default,Default,Default,Default,Default,Default,Default,Default,3,Default,1,Default,Default,Default,Default,Default,Default,3,"ShortRun(IterationCount=3, LaunchCount=1, WarmupCount=3)",amount=5500&fee=10&minimum=4,1,Overhead,Actual,7,132000,65536,2.01
MyBenchmark.Bench,benchmarks,MyBenchmark,Bench,ShortRun,Default,Default,Default,Default,Default,Default,Default,Default,Default,Default,Default,Default,Default,Default,Default,Default,Default,Default,Default,Default,Default,Default,Default,Default,Default,Default,Default,Default,Default,3,Default,1,Default,Default,Default,Default,Default,Default,3,"ShortRun(IterationCount=3, LaunchCount=1, WarmupCount=3)",amount=5500&fee=10&minimum=4,1,Overhead,Actual,8,133000,65536,2.03
MyBenchmark.Bench,benchmarks,MyBenchmark,Bench,ShortRun,Default,Default,Default,Default,Default,Default,Default,Default,Default,Default,Default,Default,Default,Default,Default,Default,Default,Default,Default,Default,Default,Default,Default,Default,Default,Default,Default,Default,Default,3,Default,1,Default,Default,Default,Default,Default,Default,3,"ShortRun(IterationCount=3, LaunchCount=1, WarmupCount=3)",amount=5500&fee=10&minimum=4,1,Overhead,Actual,9,133000,65536,2.03
MyBenchmark.Bench,benchmarks,MyBenchmark,Bench,ShortRun,Default,Default,Default,Default,Default,Default,Default,Default,Default,Default,Default,Default,Default,Default,Default,Default,Default,Default,Default,Default,Default,Default,Default,Default,Default,Default,Default,Default,Default,3,Default,1,Default,Default,Default,Default,Default,Default,3,"ShortRun(IterationCount=3, LaunchCount=1, WarmupCount=3)",amount=5500&fee=10&minimum=4,1,Overhead,Actual,10,132000,65536,2.01
MyBenchmark.Bench,benchmarks,MyBenchmark,Bench,ShortRun,Default,Default,Default,Default,Default,Default,Default,Default,Default,Default,Default,Default,Default,Default,Default,Default,Default,Default,Default,Default,Default,Default,Default,Default,Default,Default,Default,Default,Default,3,Default,1,Default,Default,Default,Default,Default,Default,3,"ShortRun(IterationCount=3, LaunchCount=1, WarmupCount=3)",amount=5500&fee=10&minimum=4,1,Overhead,Actual,11,132000,65536,2.01
MyBenchmark.Bench,benchmarks,MyBenchmark,Bench,ShortRun,Default,Default,Default,Default,Default,Default,Default,Default,Default,Default,Default,Default,Default,Default,Default,Default,Default,Default,Default,Default,Default,Default,Default,Default,Default,Default,Default,Default,Default,3,Default,1,Default,Default,Default,Default,Default,Default,3,"ShortRun(IterationCount=3, LaunchCount=1, WarmupCount=3)",amount=5500&fee=10&minimum=4,1,Overhead,Actual,12,133000,65536,2.03
MyBenchmark.Bench,benchmarks,MyBenchmark,Bench,ShortRun,Default,Default,Default,Default,Default,Default,Default,Default,Default,Default,Default,Default,Default,Default,Default,Default,Default,Default,Default,Default,Default,Default,Default,Default,Default,Default,Default,Default,Default,3,Default,1,Default,Default,Default,Default,Default,Default,3,"ShortRun(IterationCount=3, LaunchCount=1, WarmupCount=3)",amount=5500&fee=10&minimum=4,1,Overhead,Actual,13,133000,65536,2.03
MyBenchmark.Bench,benchmarks,MyBenchmark,Bench,ShortRun,Default,Default,Default,Default,Default,Default,Default,Default,Default,Default,Default,Default,Default,Default,Default,Default,Default,Default,Default,Default,Default,Default,Default,Default,Default,Default,Default,Default,Default,3,Default,1,Default,Default,Default,Default,Default,Default,3,"ShortRun(IterationCount=3, LaunchCount=1, WarmupCount=3)",amount=5500&fee=10&minimum=4,1,Overhead,Actual,14,162000,65536,2.47
MyBenchmark.Bench,benchmarks,MyBenchmark,Bench,ShortRun,Default,Default,Default,Default,Default,Default,Default,Default,Default,Default,Default,Default,Default,Default,Default,Default,Default,Default,Default,Default,Default,Default,Default,Default,Default,Default,Default,Default,Default,3,Default,1,Default,Default,Default,Default,Default,Default,3,"ShortRun(IterationCount=3, LaunchCount=1, WarmupCount=3)",amount=5500&fee=10&minimum=4,1,Overhead,Actual,15,132000,65536,2.01
MyBenchmark.Bench,benchmarks,MyBenchmark,Bench,ShortRun,Default,Default,Default,Default,Default,Default,Default,Default,Default,Default,Default,Default,Default,Default,Default,Default,Default,Default,Default,Default,Default,Default,Default,Default,Default,Default,Default,Default,Default,3,Default,1,Default,Default,Default,Default,Default,Default,3,"ShortRun(IterationCount=3, LaunchCount=1, WarmupCount=3)",amount=5500&fee=10&minimum=4,1,Workload,Warmup,1,969178000,65536,14788.48
MyBenchmark.Bench,benchmarks,MyBenchmark,Bench,ShortRun,Default,Default,Default,Default,Default,Default,Default,Default,Default,Default,Default,Default,Default,Default,Default,Default,Default,Default,Default,Default,Default,Default,Default,Default,Default,Default,Default,Default,Default,3,Default,1,Default,Default,Default,Default,Default,Default,3,"ShortRun(IterationCount=3, LaunchCount=1, WarmupCount=3)",amount=5500&fee=10&minimum=4,1,Workload,Warmup,2,967439000,65536,14761.95
MyBenchmark.Bench,benchmarks,MyBenchmark,Bench,ShortRun,Default,Default,Default,Default,Default,Default,Default,Default,Default,Default,Default,Default,Default,Default,Default,Default,Default,Default,Default,Default,Default,Default,Default,Default,Default,Default,Default,Default,Default,3,Default,1,Default,Default,Default,Default,Default,Default,3,"ShortRun(IterationCount=3, LaunchCount=1, WarmupCount=3)",amount=5500&fee=10&minimum=4,1,Workload,Warmup,3,1085776000,65536,16567.63
MyBenchmark.Bench,benchmarks,MyBenchmark,Bench,ShortRun,Default,Default,Default,Default,Default,Default,Default,Default,Default,Default,Default,Default,Default,Default,Default,Default,Default,Default,Default,Default,Default,Default,Default,Default,Default,Default,Default,Default,Default,3,Default,1,Default,Default,Default,Default,Default,Default,3,"ShortRun(IterationCount=3, LaunchCount=1, WarmupCount=3)",amount=5500&fee=10&minimum=4,1,Workload,Actual,1,1084315000,65536,16545.33
MyBenchmark.Bench,benchmarks,MyBenchmark,Bench,ShortRun,Default,Default,Default,Default,Default,Default,Default,Default,Default,Default,Default,Default,Default,Default,Default,Default,Default,Default,Default,Default,Default,Default,Default,Default,Default,Default,Default,Default,Default,3,Default,1,Default,Default,Default,Default,Default,Default,3,"ShortRun(IterationCount=3, LaunchCount=1, WarmupCount=3)",amount=5500&fee=10&minimum=4,1,Workload,Actual,2,1015004000,65536,15487.73
MyBenchmark.Bench,benchmarks,MyBenchmark,Bench,ShortRun,Default,Default,Default,Default,Default,Default,Default,Default,Default,Default,Default,Default,Default,Default,Default,Default,Default,Default,Default,Default,Default,Default,Default,Default,Default,Default,Default,Default,Default,3,Default,1,Default,Default,Default,Default,Default,Default,3,"ShortRun(IterationCount=3, LaunchCount=1, WarmupCount=3)",amount=5500&fee=10&minimum=4,1,Workload,Actual,3,1003500000,65536,15312.19
MyBenchmark.Bench,benchmarks,MyBenchmark,Bench,ShortRun,Default,Default,Default,Default,Default,Default,Default,Default,Default,Default,Default,Default,Default,Default,Default,Default,Default,Default,Default,Default,Default,Default,Default,Default,Default,Default,Default,Default,Default,3,Default,1,Default,Default,Default,Default,Default,Default,3,"ShortRun(IterationCount=3, LaunchCount=1, WarmupCount=3)",amount=5500&fee=10&minimum=4,1,Workload,Result,1,1084170933.33,65536,16543.14
MyBenchmark.Bench,benchmarks,MyBenchmark,Bench,ShortRun,Default,Default,Default,Default,Default,Default,Default,Default,Default,Default,Default,Default,Default,Default,Default,Default,Default,Default,Default,Default,Default,Default,Default,Default,Default,Default,Default,Default,Default,3,Default,1,Default,Default,Default,Default,Default,Default,3,"ShortRun(IterationCount=3, LaunchCount=1, WarmupCount=3)",amount=5500&fee=10&minimum=4,1,Workload,Result,2,1014859933.33,65536,15485.53
MyBenchmark.Bench,benchmarks,MyBenchmark,Bench,ShortRun,Default,Default,Default,Default,Default,Default,Default,Default,Default,Default,Default,Default,Default,Default,Default,Default,Default,Default,Default,Default,Default,Default,Default,Default,Default,Default,Default,Default,Default,3,Default,1,Default,Default,Default,Default,Default,Default,3,"ShortRun(IterationCount=3, LaunchCount=1, WarmupCount=3)",amount=5500&fee=10&minimum=4,1,Workload,Result,3,1003355933.33,65536,15310
